x,y,text_x,text_y,nt,base,site_mg,ddG
256.39,77.03,254.3,78.03,128,C,128.0,0.6053019476894885
256.39,83.19,254.3,84.19,129,G,,-999.0
261.33,87.74,260.63,88.74,130,U,130.0,-1.1037486570838337
256.39,92.53,254.3,93.53,131,U,,-999.0
256.39,98.69,254.3,99.69,132,C,132.0,0.45843397489566673
256.39,105.03,254.3,106.03,133,A,133.0,0.3334825845782019
256.39,111.02,254.3,112.02,134,G,134.0,1.2640600682686118
256.39,120.77,254.3,121.77,135,U,135.0,-0.302761007676404
256.39,153.44,254.3,154.44,136,A,136.0,0.18207185189342034
256.39,159.84,254.3,160.84,137,C,137.0,0.47618032271327815
256.39,166.18,254.3,167.18,138,C,138.0,0.4415168934784419
256.39,204.62,254.3,205.62,139,A,139.0,-0.43508837381273907
256.39,210.81,254.3,211.81,140,A,140.0,-0.018691253343779884
256.39,217.0,254.3,218.0,141,G,141.0,0.4050335981656057
256.39,223.19,254.3,224.19,142,U,,-999.0
256.39,229.38,254.3,230.38,143,C,,-999.0
256.39,235.57,254.3,236.57,144,U,,-999.0
256.39,241.77,254.3,242.77,145,C,,-999.0
256.39,247.96,254.3,248.96,146,A,146.0,-0.2096699079430806
256.39,254.15,254.3,255.15,147,G,,-999.0
256.39,260.34,254.3,261.34,148,G,,-999.0
256.39,266.53,254.3,267.53,149,G,,-999.0
244.69,204.62,242.6,205.62,164,G,,-999.0
244.69,210.81,242.6,211.81,163,G,,-999.0
244.69,217.0,242.6,218.0,162,U,,-999.0
244.69,223.19,242.6,224.19,161,A,161.0,0.20777121226965067
244.69,229.38,242.6,230.38,160,G,,-999.0
244.69,235.57,242.6,236.57,159,A,159.0,0.2898118194934165
244.69,241.77,242.6,242.77,158,G,,-999.0
244.69,247.96,242.6,248.96,157,U,,-999.0
244.69,254.15,242.6,255.15,156,U,,-999.0
244.69,260.34,242.6,261.34,155,U,,-999.0
244.69,266.53,242.6,267.53,154,C,154.0,-0.26711172781274106
294.71,251.58,292.62,252.58,227,G,,-999.0
294.71,257.77,292.62,258.77,228,U,,-999.0
294.71,263.96,292.62,264.96,229,C,229.0,0.33420989079301755
294.71,270.15,292.62,271.15,230,A,230.0,0.18062728913555626
294.71,276.34,292.62,277.34,231,A,231.0,-0.02821463612758235
294.71,282.53,292.62,283.53,232,C,232.0,0.07058882052748539
294.71,288.72,292.62,289.72,233,A,233.0,0.1078655688508483
294.71,294.91,292.62,295.91,234,G,234.0,0.7582104637987932
306.36,251.58,304.27,252.58,247,U,,-999.0
306.36,257.77,304.27,258.77,246,A,246.0,0.11336417295518064
306.36,263.96,304.27,264.96,245,G,,-999.0
306.36,270.15,304.27,271.15,244,U,,-999.0
306.36,276.34,304.27,277.34,243,U,,-999.0
306.36,282.53,304.27,283.53,242,G,242.0,0.30613734591157127
306.36,288.72,304.27,289.72,241,U,,-999.0
306.36,294.91,304.27,295.91,240,C,,-999.0
294.71,174.75,292.62,175.75,215,G,215.0,0.24409297260204968
294.71,180.94,292.62,181.94,216,C,216.0,-0.02070919957606132
294.71,187.13,292.62,188.13,217,C,217.0,0.7276457368261324
294.71,205.86,292.62,206.86,220,G,,-999.0
294.71,212.05,292.62,213.05,221,U,,-999.0
294.71,218.24,292.62,219.24,222,C,,-999.0
294.71,224.43,292.62,225.43,223,C,223.0,0.6008271205088191
294.71,232.48,292.62,233.48,224,U,224.0,0.3147241043235044
306.36,174.75,304.27,175.75,105,A,105.0,0.10241195082806487
306.36,180.94,304.27,181.94,104,A,104.0,-0.041502199664793016
306.36,187.13,304.27,188.13,103,G,103.0,0.1420446915437371
306.36,205.86,304.27,206.86,253,U,,-999.0
306.36,212.05,304.27,213.05,252,A,252.0,0.06394916781553461
306.36,218.24,304.27,219.24,251,G,,-999.0
306.36,224.43,304.27,225.43,250,G,,-999.0
306.36,232.48,304.27,233.48,248,A,248.0,1.1924158581198347
244.69,153.41,242.6,154.41,182,U,,-999.0
244.69,159.6,242.6,160.6,181,G,181.0,-0.08892964455421892
244.69,165.79,242.6,166.79,180,G,,-999.0
241.01,187.76,239.62,188.76,175,G,,-999.0
234.82,187.84,233.43,188.84,174,G,,-999.0
228.63,187.84,227.24,188.84,173,A,173.0,-1.1344371183824178
241.01,199.28,239.62,200.28,165,C,165.0,0.546208652658017
234.82,199.37,233.43,200.37,166,C,166.0,0.5067115040697647
228.63,199.37,227.24,200.37,167,U,,-999.0
311.46,228.95,310.07,229.95,249,U,249.0,-0.8531200458658486
300.31,246.25,298.92,247.25,226,A,226.0,-0.20480564001244306
290.98,239.87,289.59,240.87,225,A,225.0,0.7293519871152464
300.44,200.43,299.05,201.43,219,A,219.0,-0.4947167756044031
291.11,194.05,289.72,195.05,218,A,218.0,0.1449431601391964
292.82,301.11,291.43,302.11,235,A,235.0,0.0264102089741729
308.54,301.11,307.15,302.11,239,U,,-999.0
306.41,307.3,305.02,308.3,238,U,,-999.0
300.59,310.18,299.2,311.18,237,C,237.0,0.07193619525714479
294.76,307.3,293.37,308.3,236,U,236.0,-1.1973361554046387
257.67,273.46,256.28,274.46,150,G,,-999.0
254.17,279.22,252.78,280.22,151,A,151.0,0.3780839081918361
247.27,279.22,245.88,280.22,152,A,152.0,0.6532967902501893
243.47,273.2,242.08,274.2,153,A,153.0,0.6188573305192805
334.81,256.6,332.72,257.6,261,A,261.0,-0.047610132994991616
334.81,262.79,332.72,263.79,260,C,260.0,-0.09075473758825514
334.81,268.98,332.72,269.98,259,U,,-999.0
334.81,275.17,332.72,276.17,258,U,,-999.0
334.81,281.37,332.72,282.37,257,G,257.0,-0.7212932031562349
334.81,287.56,332.72,288.56,256,A,256.0,-0.11481648546291967
334.81,293.75,332.72,294.75,255,C,255.0,-0.12953819170124603
334.81,299.94,332.72,300.94,254,G,,-999.0
334.81,207.07,332.72,208.07,269,C,,-999.0
334.81,200.88,332.72,201.88,270,A,,-999.0
334.81,213.26,332.72,214.26,268,U,,-999.0
334.81,219.45,332.72,220.45,267,A,,-999.0
324.96,174.03,322.87,175.03,101,A,,-999.0
324.96,167.84,322.87,168.84,102,G,,-999.0
324.77,180.22,322.68,181.22,103,G,103.0,0.1420446915437371
324.85,186.41,322.76,187.41,104,A,104.0,-0.041502199664793016
334.81,225.65,332.72,226.65,266,A,266.0,0.0016108209185417
334.81,231.84,332.72,232.84,265,A,265.0,-0.08948042703943138
334.81,238.03,332.72,239.03,264,C,,-999.0
334.81,244.22,332.72,245.22,263,C,263.0,-0.12648080530757122
334.81,250.41,332.72,251.41,262,A,262.0,0.12355749516363446
271.23,50.94,269.24,51.94,125,A,125.0,0.2914776827167578
239.69,126.33,237.79,127.33,186,A,186.0,1.899923872286779
234.82,132.06,232.83,133.06,185,U,185.0,0.0948414020162317
235.14,140.09,233.15,141.09,184,A,184.0,0.8507738085294035
239.93,146.22,237.94,147.22,183,A,183.0,0.15826670454955438
239.69,169.65,237.7,170.65,178,A,178.0,0.41533831227437046
235.26,174.24,233.27,175.24,178,A,178.0,0.41533831227437046
245.69,183.1,243.6,184.1,176,G,,-999.0
221.2,186.22,219.21,187.22,172,A,172.0,-0.07546593488570008
220.9,201.21,218.91,202.21,168,U,,-999.0
214.24,199.44,212.15,200.44,169,G,169.0,-0.7916979413410568
211.61,193.39,209.52,194.39,170,C,170.0,-1.5062980539477293
214.61,187.34,212.52,188.34,171,A,171.0,-0.19912828344094546
240.97,178.36,238.88,179.36,177,U,,-999.0
287.16,68.36,285.07,69.36,199,U,199.0,-inf
280.97,68.36,278.88,69.36,198,A,198.0,-inf
274.78,68.39,272.69,69.39,197,C,197.0,1.4876717404084094
268.59,68.39,266.5,69.39,196,A,196.0,0.6747330771117821
262.4,68.39,260.31,69.39,195,G,,-999.0
286.92,56.7,284.83,57.7,122,A,122.0,-0.03913305172400966
280.73,56.7,278.64,57.7,123,A,123.0,0.5756104800206611
274.54,56.73,272.45,57.73,124,C,124.0,inf
268.35,56.73,266.26,57.73,126,G,,-999.0
262.16,56.73,260.07,57.73,127,C,,-999.0
240.16,116.21,238.07,117.21,188,G,188.0,inf
244.69,76.85,242.6,77.85,194,G,,-999.0
244.69,83.04,242.6,84.04,193,C,,-999.0
244.69,92.53,242.6,93.53,192,A,192.0,0.11416148053868058
244.69,98.72,242.6,99.72,191,G,,-999.0
244.69,104.92,242.6,105.92,190,U,,-999.0
244.69,111.11,242.6,112.11,189,C,,-999.0
244.69,120.61,242.6,121.61,187,A,187.0,0.7680786680490608
310.76,112.14,308.67,113.14,115,A,115.0,-0.025043390565866998
289.11,140.0,287.02,141.0,210,A,210.0,-0.06747004072238116
306.36,117.92,304.37,118.92,114,A,114.0,0.03850536782071419
306.36,124.11,304.37,125.11,113,A,113.0,0.27316206820524314
306.36,130.3,304.37,131.3,112,G,,-999.0
306.36,136.49,304.46,137.49,111,G,,-999.0
306.36,142.68,304.37,143.68,110,G,,-999.0
306.36,148.87,304.27,149.87,109,C,109.0,0.09825713735716435
306.36,155.06,304.27,156.06,108,G,,-999.0
306.36,161.26,304.27,162.26,107,U,107.0,-0.04869137828785158
294.71,117.92,292.62,118.92,206,A,206.0,0.4176712922153013
294.71,124.11,292.62,125.11,207,A,207.0,-1.3139603759931857
294.71,130.3,292.62,131.3,208,C,208.0,0.4579063989102079
294.71,136.49,292.62,137.49,209,C,,-999.0
294.71,142.68,292.72,143.68,211,C,211.0,-0.08484574611746432
294.71,148.87,292.62,149.87,212,G,212.0,0.7198001965295424
294.71,155.06,292.62,156.06,213,C,,-999.0
294.71,161.26,292.62,162.26,214,A,214.0,0.13659848446395162
306.36,167.45,304.27,168.45,106,U,106.0,-1.3124427500519737
294.71,76.41,292.62,77.41,200,G,200.0,-0.4047511492094018
294.71,82.6,292.62,83.6,201,G,,-999.0
294.71,88.79,292.62,89.79,202,U,,-999.0
294.71,94.98,292.62,95.98,203,C,,-999.0
294.71,101.17,292.62,102.17,204,C,,-999.0
294.71,107.37,292.62,108.37,205,U,,-999.0
306.36,76.41,304.27,77.41,121,C,121.0,0.23779762691512207
306.36,82.6,304.27,83.6,120,U,,-999.0
306.36,88.79,304.37,89.79,119,G,,-999.0
306.36,94.98,304.37,95.98,118,G,,-999.0
306.36,101.17,304.37,102.17,117,G,,-999.0
306.36,107.37,304.37,108.37,116,G,,-999.0
