site,var,dG_dave,dG_err_dave,construct,site_nt,buffer,kobs_val,kobs_err,kdeg_val,kdeg_err,fmod0,fmod0_err,r2,base,max_kobs,max_kobs_err,KKp1,K,K_inv,K_relerr,dG,dG_err,dG_relerr,disp_name
127,p4p6_wt,4.97,0,51,127C,13,0.0014035935803664,6.636513287027062e-05,0.0002201700138848,0.0,0.0013762006705043,5.0336340183674416e-05,0.991149689211711,C,0.0560812809891551,0.0040906357501799,0.0250278445072933,0.0256703172150033,38.9554983533876,0.0869254513011287,2.155372018804145,0.0511565274336029,0.0237344305239639,p4p6_wt
128,p4p6_wt,5.33,0,51,128C,13,0.001326678777674,8.683266951671187e-05,0.0002201700138848,0.0,0.0008703561351182,6.626971602153922e-05,0.9873288234349392,C,0.0560812809891551,0.0040906357501799,0.0236563565288487,0.024229539145402,41.27193645735377,0.0980013927375111,2.1893660463425584,0.0576748335621547,0.0263431661683542,p4p6_wt
145,p4p6_wt,7.2,0,51,145C,13,0.0008609567091024,0.0002330976714999,0.0002201700138848,0.0,0.0010396366219253,0.000197119584801,0.7734223835296269,C,0.0560812809891551,0.0040906357501799,0.0153519444263209,0.0155913012161249,64.13832855501326,0.2803961165640407,2.4488163469379303,0.1650160156154154,0.0673860315502043,p4p6_wt
146,p4p6_wt,4.08,0,51,146A,13,0.0037752794447361,0.0004034056990998,0.0002201700138848,0.0,0.00067965,2.378272921325324e-15,0.9501179183526868,A,0.070661938032545,0.003602233365609,0.0534273407983419,0.0564429368194541,17.717008652450737,0.1183920959392146,1.6916877727638406,0.0696749733614273,0.0411866625054539,p4p6_wt
154,p4p6_wt,4.69,0,51,154C,13,0.0004772352743427,0.00016741367241,0.0002201700138848,0.0,0.00126712483385,0.0001276218829919,0.670240798950223,C,0.0560812809891551,0.0040906357501799,0.0085097070880921,0.0085827437231886,116.51285792190508,0.3583020781851349,2.8001331893509707,0.210864480055415,0.0753051607892588,p4p6_wt
159,p4p6_wt,5.4,0,51,159A,13,0.0035994856611567,0.0003508122949933,0.0002201700138848,0.0,0.0006769039263108,0.0002666700860197,0.9635266222077168,A,0.070661938032545,0.003602233365609,0.050939526446315,0.0536736360493192,18.631120855705166,0.1099890805873877,1.721294685341436,0.0647297118881039,0.0376052470499925,p4p6_wt
161,p4p6_wt,3.33,0,51,161A,13,0.0030324238229277,0.0001976525127971,0.0002201700138848,0.0,0.0007221497276128,0.0001572116140866,0.9792649170252434,A,0.070661938032545,0.003602233365609,0.0429145294816432,0.044838763938607,22.302131284644556,0.0827477695768788,1.8271376239553752,0.0486979185160019,0.0266525727879113,p4p6_wt
165,p4p6_wt,5.51,0,51,165C,13,0.0016102509862061,0.0002528669100607,0.0002201700138848,0.0,0.0010119999999999,1.4950047401583837e-15,0.922200529687704,C,0.0560812809891551,0.0040906357501799,0.0287128068012121,0.0295616034086178,33.827664425958694,0.1731491640592745,2.072309088930967,0.1019000744743752,0.0491722373938638,p4p6_wt
166,p4p6_wt,5.81,0,51,166C,13,0.0009004328824377,0.0001551074990883,0.0002201700138848,0.0,0.0008765612399963,0.0001181941518122,0.8939914806948004,C,0.0560812809891551,0.0040906357501799,0.0160558544055337,0.0163178514526688,61.28257772786892,0.187065541121617,2.4220117337950904,0.1100900063563492,0.0454539525222891,p4p6_wt
173,p4p6_wt,1.46,0,51,173A,13,0.0047268244810227,0.0003279117265939,0.0002201700138848,0.0,0.00034845,2.056772211151799e-15,0.9810062753839296,A,0.070661938032545,0.003602233365609,0.0668935018290278,0.0716890322381733,13.949135157490874,0.0860891689373155,1.5509704713082102,0.0506643666102045,0.0326662354618977,p4p6_wt
229,p4p6_wt,4.55,0,51,229C,13,0.003134587810486,0.0004097459571293,0.0002201700138848,0.0,0.0014317499944732,0.0003367252698419,0.9293859522600016,C,0.0560812809891551,0.0040906357501799,0.0558936556939945,0.0592027116765971,16.891118188346436,0.149691424624213,1.6635939447925512,0.0880949521197853,0.0529546001267579,p4p6_wt
230,p4p6_wt,4.24,0,51,230A,13,0.0056419789348356,0.0001748007440589,0.0002201700138848,0.0,0.0003173104436804,0.0002645224056563,0.9961773817957336,A,0.070661938032545,0.003602233365609,0.0798446673262351,0.0867730311296729,11.524317947423176,0.059654783902373,1.4385896516590186,0.0351074575232924,0.0244040804011106,p4p6_wt
231,p4p6_wt,4.55,0,51,231A,13,0.0061216009746736,0.0003492439499273,0.0002201700138848,0.0,0.0002769504978541,0.0002813815365901,0.987223944506354,A,0.070661938032545,0.003602233365609,0.0866322258505584,0.094849225364047,10.543048677117124,0.076508981434713,1.3862165521238388,0.0450263271469618,0.0324814525392706,p4p6_wt
232,p4p6_wt,6.35,0,51,232C,13,0.0026563142334798,0.0002424863213305,0.0002201700138848,0.0,0.0016111976206264,0.0001835516839589,0.9678265713920016,C,0.0560812809891551,0.0040906357501799,0.0473654343593448,0.0497204658194311,20.11244230156009,0.1168490086850272,1.7663188439867905,0.0687668505473412,0.0389322974056747,p4p6_wt
233,p4p6_wt,5.03,0,51,233A,13,0.0033404261729592,0.0003493842644622,0.0002201700138848,0.0,0.0003942117219401,0.000280483199695,0.9582061904534834,A,0.070661938032545,0.003602233365609,0.0472733449713859,0.0496190011288874,20.153569746445665,0.1163547843877338,1.7675210457451114,0.0684759944350702,0.0387412611577723,p4p6_wt
240,p4p6_wt,5.1,0,51,240C,13,0.0012236144422477,0.000257068753077,0.0002201700138848,0.0,0.0003208499999999,1.6942645747874452e-15,0.8682935519150645,C,0.0560812809891551,0.0040906357501799,0.0218185893878622,0.0223052586679278,44.83247716996332,0.2223917425979806,2.238065306485196,0.1308798414150153,0.0584790090958326,p4p6_wt
246,p4p6_wt,4.28,0,51,246A,13,0.0022204550128168,0.000402606955352,0.0002201700138848,0.0,0.00031625,2.3789906933027704e-15,0.8923292888392403,A,0.070661938032545,0.003602233365609,0.0314236359013266,0.0324431165843784,30.82317931445298,0.1883474701650368,2.0175705882850754,0.1108444348614191,0.0549395572601186,p4p6_wt
