,fit_run_id,rg_id,nt_id,fit_kind,rg_label,temperature,probe,probe_conc,rt_protocol,buffer_id,construct_id,construct_name,buffer_name,nt_site,nt_base,kobs,log_kobs,log_kdeg,log_kobs_err,log_kdeg_err,r2,metadata_json
2,341269,83,321,round3_constrained,25_1_15,25.0,etoh,0.015852692,MRT,4,5,hiv_wt,AlHashimiLab_NMR_NoMg_v2,20,A,0.007278561876192848,-4.9228219807670275,-7.919754760267833,0.05339037235982762,0.0,0.988831686264429,"{""base"": ""A"", ""fmod_run_ids"": [107, 108, 109, 110, 111, 112], ""site"": 20, ""valtype"": ""modrate""}"
4,341271,83,323,round3_constrained,25_1_15,25.0,etoh,0.015852692,MRT,4,5,hiv_wt,AlHashimiLab_NMR_NoMg_v2,22,A,0.022168924648887582,-3.8090637613166187,-7.919754760267833,0.040159763089418904,0.0,0.9937701042960326,"{""base"": ""A"", ""fmod_run_ids"": [107, 108, 109, 110, 111, 112], ""site"": 22, ""valtype"": ""modrate""}"
9,341276,83,328,round3_constrained,25_1_15,25.0,etoh,0.015852692,MRT,4,5,hiv_wt,AlHashimiLab_NMR_NoMg_v2,27,A,0.006966910877571603,-4.966583355096985,-7.919754760267833,0.10930269602557854,0.0,0.9547906117636636,"{""base"": ""A"", ""fmod_run_ids"": [107, 108, 109, 110, 111, 112], ""site"": 27, ""valtype"": ""modrate""}"
17,341284,83,336,round3_constrained,25_1_15,25.0,etoh,0.015852692,MRT,4,5,hiv_wt,AlHashimiLab_NMR_NoMg_v2,35,A,0.03626275751864422,-3.316964028046029,-7.919754760267833,0.025427571972066857,0.0,0.9975400205470099,"{""base"": ""A"", ""fmod_run_ids"": [107, 108, 109, 110, 111, 112], ""site"": 35, ""valtype"": ""modrate""}"
28,341295,83,347,round3_constrained,25_1_15,25.0,etoh,0.015852692,MRT,4,5,hiv_wt,AlHashimiLab_NMR_NoMg_v2,61,A,0.03600926183300708,-3.3239791004760004,-7.919754760267833,0.0724978020711538,0.0,0.9803317411571549,"{""base"": ""A"", ""fmod_run_ids"": [107, 108, 109, 110, 111, 112], ""site"": 61, ""valtype"": ""modrate""}"
40,345210,84,321,round3_constrained,25_2_15,25.0,etoh,0.015852692,MRT,4,5,hiv_wt,AlHashimiLab_NMR_NoMg_v2,20,A,0.007130147872213723,-4.943423305330077,-8.180060820051372,0.05040189089358884,0.0,0.9875508997885928,"{""base"": ""A"", ""fmod_run_ids"": [148, 149, 150, 151, 152, 153, 154], ""site"": 20, ""valtype"": ""modrate""}"
42,345212,84,323,round3_constrained,25_2_15,25.0,etoh,0.015852692,MRT,4,5,hiv_wt,AlHashimiLab_NMR_NoMg_v2,22,A,0.02119868113379036,-3.8538163099096003,-8.180060820051372,0.04819500298247642,0.0,0.9887695711835789,"{""base"": ""A"", ""fmod_run_ids"": [148, 149, 150, 151, 152, 153, 154], ""site"": 22, ""valtype"": ""modrate""}"
47,345217,84,328,round3_constrained,25_2_15,25.0,etoh,0.015852692,MRT,4,5,hiv_wt,AlHashimiLab_NMR_NoMg_v2,27,A,0.005700123992657415,-5.167267351280436,-8.180060820051372,0.06655645208342255,0.0,0.9784604094208023,"{""base"": ""A"", ""fmod_run_ids"": [148, 149, 150, 151, 152, 153, 154], ""site"": 27, ""valtype"": ""modrate""}"
55,345225,84,336,round3_constrained,25_2_15,25.0,etoh,0.015852692,MRT,4,5,hiv_wt,AlHashimiLab_NMR_NoMg_v2,35,A,0.03469421620178221,-3.3611822859859024,-8.180060820051372,0.031398373853720477,0.0,0.9952687915693124,"{""base"": ""A"", ""fmod_run_ids"": [148, 149, 150, 151, 152, 153, 154], ""site"": 35, ""valtype"": ""modrate""}"
66,345236,84,347,round3_constrained,25_2_15,25.0,etoh,0.015852692,MRT,4,5,hiv_wt,AlHashimiLab_NMR_NoMg_v2,61,A,0.03606457564283009,-3.322444179549904,-8.180060820051372,0.028685135981457485,0.0,0.9960532573707472,"{""base"": ""A"", ""fmod_run_ids"": [148, 149, 150, 151, 152, 153, 154], ""site"": 61, ""valtype"": ""modrate""}"
78,345359,85,321,round3_constrained,70_1_15,70.0,etoh,0.015852692,MRT,4,5,hiv_wt,AlHashimiLab_NMR_NoMg_v2,20,A,0.019218442277370767,-3.9518849256874926,-3.8588363927090494,,,0.9836039915264932,"{""base"": ""A"", ""fmod_run_ids"": [643, 644, 645, 646, 647, 648], ""site"": 20, ""valtype"": ""modrate""}"
80,345361,85,323,round3_constrained,70_1_15,70.0,etoh,0.015852692,MRT,4,5,hiv_wt,AlHashimiLab_NMR_NoMg_v2,22,A,0.016261776625006528,-4.1189379173007605,-3.8588363927090494,0.0922629597363104,0.0,0.9677786407029855,"{""base"": ""A"", ""fmod_run_ids"": [643, 644, 645, 646, 647, 648], ""site"": 22, ""valtype"": ""modrate""}"
85,345366,85,328,round3_constrained,70_1_15,70.0,etoh,0.015852692,MRT,4,5,hiv_wt,AlHashimiLab_NMR_NoMg_v2,27,A,0.01896759901903136,-3.965023070307974,-3.8588363927090494,0.11881848492753308,0.0,0.9478382797902904,"{""base"": ""A"", ""fmod_run_ids"": [643, 644, 645, 646, 647, 648], ""site"": 27, ""valtype"": ""modrate""}"
93,345374,85,336,round3_constrained,70_1_15,70.0,etoh,0.015852692,MRT,4,5,hiv_wt,AlHashimiLab_NMR_NoMg_v2,35,A,0.021931222736998567,-3.8198439617455846,-3.8588363927090494,0.049835802342085296,0.0,0.9904550276258357,"{""base"": ""A"", ""fmod_run_ids"": [643, 644, 645, 646, 647, 648], ""site"": 35, ""valtype"": ""modrate""}"
104,345385,85,347,round3_constrained,70_1_15,70.0,etoh,0.015852692,MRT,4,5,hiv_wt,AlHashimiLab_NMR_NoMg_v2,61,A,0.016816941252387408,-4.085368492794394,-3.8588363927090494,0.03302064627061785,0.0,0.9957570306008119,"{""base"": ""A"", ""fmod_run_ids"": [643, 644, 645, 646, 647, 648], ""site"": 61, ""valtype"": ""modrate""}"
116,343287,86,321,round3_constrained,70_2_15,70.0,etoh,0.015852692,MRT,4,5,hiv_wt,AlHashimiLab_NMR_NoMg_v2,20,A,0.019659579527938446,-3.9291905516770522,-3.583287033186514,0.0915568863429066,0.0,0.9605507258165261,"{""base"": ""A"", ""fmod_run_ids"": [692, 693, 694, 695, 696, 697, 698], ""site"": 20, ""valtype"": ""modrate""}"
118,343289,86,323,round3_constrained,70_2_15,70.0,etoh,0.015852692,MRT,4,5,hiv_wt,AlHashimiLab_NMR_NoMg_v2,22,A,0.016367972683625515,-4.112428738663218,-3.583287033186514,0.030594103083284755,0.0,0.9954205826305733,"{""base"": ""A"", ""fmod_run_ids"": [692, 693, 694, 695, 696, 697, 698], ""site"": 22, ""valtype"": ""modrate""}"
123,343294,86,328,round3_constrained,70_2_15,70.0,etoh,0.015852692,MRT,4,5,hiv_wt,AlHashimiLab_NMR_NoMg_v2,27,A,0.019791163126193542,-3.9225197476640536,-3.583287033186514,0.08865029013597432,0.0,0.9629299903443148,"{""base"": ""A"", ""fmod_run_ids"": [692, 693, 694, 695, 696, 697, 698], ""site"": 27, ""valtype"": ""modrate""}"
131,343302,86,336,round3_constrained,70_2_15,70.0,etoh,0.015852692,MRT,4,5,hiv_wt,AlHashimiLab_NMR_NoMg_v2,35,A,0.021966987754949572,-3.818214509179589,-3.583287033186514,0.06270669658982353,0.0,0.9811585406092996,"{""base"": ""A"", ""fmod_run_ids"": [692, 693, 694, 695, 696, 697, 698], ""site"": 35, ""valtype"": ""modrate""}"
142,343313,86,347,round3_constrained,70_2_15,70.0,etoh,0.015852692,MRT,4,5,hiv_wt,AlHashimiLab_NMR_NoMg_v2,61,A,0.016138845185994632,-4.126526168514603,-3.583287033186514,0.16202086991516262,0.0,0.8870896383589101,"{""base"": ""A"", ""fmod_run_ids"": [692, 693, 694, 695, 696, 697, 698], ""site"": 61, ""valtype"": ""modrate""}"
154,345585,87,321,round3_constrained,75_1_15,75.0,etoh,0.015852692,MRT,4,5,hiv_wt,AlHashimiLab_NMR_NoMg_v2,20,A,0.017252326128789797,-4.059808296550163,-3.4617219389206593,0.04004912773202344,0.0,0.992186153003334,"{""base"": ""A"", ""fmod_run_ids"": [748, 749, 750, 751, 752, 753, 754], ""site"": 20, ""valtype"": ""modrate""}"
156,345587,87,323,round3_constrained,75_1_15,75.0,etoh,0.015852692,MRT,4,5,hiv_wt,AlHashimiLab_NMR_NoMg_v2,22,A,0.014824026434010295,-4.211506006810551,-3.4617219389206593,0.0568083288559602,0.0,0.9843586605269362,"{""base"": ""A"", ""fmod_run_ids"": [748, 749, 750, 751, 752, 753, 754], ""site"": 22, ""valtype"": ""modrate""}"
161,345592,87,328,round3_constrained,75_1_15,75.0,etoh,0.015852692,MRT,4,5,hiv_wt,AlHashimiLab_NMR_NoMg_v2,27,A,0.018342884542863692,-3.9985135430128778,-3.4617219389206593,0.03531500992284874,0.0,0.993920730449038,"{""base"": ""A"", ""fmod_run_ids"": [748, 749, 750, 751, 752, 753, 754], ""site"": 27, ""valtype"": ""modrate""}"
169,345600,87,336,round3_constrained,75_1_15,75.0,etoh,0.015852692,MRT,4,5,hiv_wt,AlHashimiLab_NMR_NoMg_v2,35,A,0.0194601806365346,-3.9393849198143998,-3.4617219389206593,0.04403363061260542,0.0,0.9905890975174694,"{""base"": ""A"", ""fmod_run_ids"": [748, 749, 750, 751, 752, 753, 754], ""site"": 35, ""valtype"": ""modrate""}"
180,345611,87,347,round3_constrained,75_1_15,75.0,etoh,0.015852692,MRT,4,5,hiv_wt,AlHashimiLab_NMR_NoMg_v2,61,A,0.015168635069455533,-4.1885254653153945,-3.4617219389206593,0.04916397406743751,0.0,0.9882442575046575,"{""base"": ""A"", ""fmod_run_ids"": [748, 749, 750, 751, 752, 753, 754], ""site"": 61, ""valtype"": ""modrate""}"
192,345736,88,321,round3_constrained,75_2_15,75.0,etoh,0.015852692,MRT,4,5,hiv_wt,AlHashimiLab_NMR_NoMg_v2,20,A,0.01708278949088103,-4.069683784818598,-3.276799201591351,0.040492214511873535,0.0,0.9920129152061593,"{""base"": ""A"", ""fmod_run_ids"": [849, 850, 851, 852, 853, 854, 855], ""site"": 20, ""valtype"": ""modrate""}"
194,345738,88,323,round3_constrained,75_2_15,75.0,etoh,0.015852692,MRT,4,5,hiv_wt,AlHashimiLab_NMR_NoMg_v2,22,A,0.014482838511889083,-4.2347908814093085,-3.276799201591351,0.04149965485183392,0.0,0.9915896104171378,"{""base"": ""A"", ""fmod_run_ids"": [849, 850, 851, 852, 853, 854, 855], ""site"": 22, ""valtype"": ""modrate""}"
199,345743,88,328,round3_constrained,75_2_15,75.0,etoh,0.015852692,MRT,4,5,hiv_wt,AlHashimiLab_NMR_NoMg_v2,27,A,0.017891013070099663,-4.023456755334242,-3.276799201591351,0.019189714641349227,0.0,0.9981964841689976,"{""base"": ""A"", ""fmod_run_ids"": [849, 850, 851, 852, 853, 854, 855], ""site"": 27, ""valtype"": ""modrate""}"
207,345751,88,336,round3_constrained,75_2_15,75.0,etoh,0.015852692,MRT,4,5,hiv_wt,AlHashimiLab_NMR_NoMg_v2,35,A,0.01923478253869408,-3.951035048342484,-3.276799201591351,0.032628363464256564,0.0,0.9948103496307785,"{""base"": ""A"", ""fmod_run_ids"": [849, 850, 851, 852, 853, 854, 855], ""site"": 35, ""valtype"": ""modrate""}"
218,345762,88,347,round3_constrained,75_2_15,75.0,etoh,0.015852692,MRT,4,5,hiv_wt,AlHashimiLab_NMR_NoMg_v2,61,A,0.014232853475821304,-4.252202361626517,-3.276799201591351,0.026185111411261622,0.0,0.9966341438053055,"{""base"": ""A"", ""fmod_run_ids"": [849, 850, 851, 852, 853, 854, 855], ""site"": 61, ""valtype"": ""modrate""}"
230,345885,89,321,round3_constrained,80_1_15,80.0,etoh,0.015852692,MRT,4,5,hiv_wt,AlHashimiLab_NMR_NoMg_v2,20,A,0.0163792005326115,-4.1117430092812155,-2.775543533552613,0.03689946081216061,0.0,0.9933523284303514,"{""base"": ""A"", ""fmod_run_ids"": [891, 892, 893, 894, 895, 896, 897], ""site"": 20, ""valtype"": ""modrate""}"
232,345887,89,323,round3_constrained,80_1_15,80.0,etoh,0.015852692,MRT,4,5,hiv_wt,AlHashimiLab_NMR_NoMg_v2,22,A,0.011786298412098113,-4.440817573686354,-2.775543533552613,0.0494650734521979,0.0,0.9880590843113644,"{""base"": ""A"", ""fmod_run_ids"": [891, 892, 893, 894, 895, 896, 897], ""site"": 22, ""valtype"": ""modrate""}"
237,345892,89,328,round3_constrained,80_1_15,80.0,etoh,0.015852692,MRT,4,5,hiv_wt,AlHashimiLab_NMR_NoMg_v2,27,A,0.018431300998465964,-3.9937049184480715,-2.775543533552613,0.04051753507068256,0.0,0.9920148214965915,"{""base"": ""A"", ""fmod_run_ids"": [891, 892, 893, 894, 895, 896, 897], ""site"": 27, ""valtype"": ""modrate""}"
245,345900,89,336,round3_constrained,80_1_15,80.0,etoh,0.015852692,MRT,4,5,hiv_wt,AlHashimiLab_NMR_NoMg_v2,35,A,0.015481237666514299,-4.168126461399393,-2.775543533552613,0.03845648798900941,0.0,0.9927771120318879,"{""base"": ""A"", ""fmod_run_ids"": [891, 892, 893, 894, 895, 896, 897], ""site"": 35, ""valtype"": ""modrate""}"
256,345911,89,347,round3_constrained,80_1_15,80.0,etoh,0.015852692,MRT,4,5,hiv_wt,AlHashimiLab_NMR_NoMg_v2,61,A,0.011244884739350078,-4.487841943570025,-2.775543533552613,0.05663489660923122,0.0,0.984399608023972,"{""base"": ""A"", ""fmod_run_ids"": [891, 892, 893, 894, 895, 896, 897], ""site"": 61, ""valtype"": ""modrate""}"
268,346034,90,321,round3_constrained,80_2_15,80.0,etoh,0.015852692,MRT,4,5,hiv_wt,AlHashimiLab_NMR_NoMg_v2,20,A,0.017006915849761637,-4.074135202960721,-3.0504561144516633,0.06205866475424065,0.0,0.9814348803924791,"{""base"": ""A"", ""fmod_run_ids"": [940, 941, 942, 943, 944, 945, 946], ""site"": 20, ""valtype"": ""modrate""}"
270,346036,90,323,round3_constrained,80_2_15,80.0,etoh,0.015852692,MRT,4,5,hiv_wt,AlHashimiLab_NMR_NoMg_v2,22,A,0.012471201965081391,-4.384333135396264,-3.0504561144516633,0.06980575426739875,0.0,0.9765134658525344,"{""base"": ""A"", ""fmod_run_ids"": [940, 941, 942, 943, 944, 945, 946], ""site"": 22, ""valtype"": ""modrate""}"
275,346041,90,328,round3_constrained,80_2_15,80.0,etoh,0.015852692,MRT,4,5,hiv_wt,AlHashimiLab_NMR_NoMg_v2,27,A,0.018560498899586123,-3.9867196716197215,-3.0504561144516633,0.05132964569690277,0.0,0.9872439574349167,"{""base"": ""A"", ""fmod_run_ids"": [940, 941, 942, 943, 944, 945, 946], ""site"": 27, ""valtype"": ""modrate""}"
283,346049,90,336,round3_constrained,80_2_15,80.0,etoh,0.015852692,MRT,4,5,hiv_wt,AlHashimiLab_NMR_NoMg_v2,35,A,0.016387371618170894,-4.111244264054454,-3.0504561144516633,0.0857339336006009,0.0,0.9651269194474481,"{""base"": ""A"", ""fmod_run_ids"": [940, 941, 942, 943, 944, 945, 946], ""site"": 35, ""valtype"": ""modrate""}"
294,346060,90,347,round3_constrained,80_2_15,80.0,etoh,0.015852692,MRT,4,5,hiv_wt,AlHashimiLab_NMR_NoMg_v2,61,A,0.011729665363410798,-4.445634144992166,-3.0504561144516633,0.07048636840382723,0.0,0.9760487536937564,"{""base"": ""A"", ""fmod_run_ids"": [940, 941, 942, 943, 944, 945, 946], ""site"": 61, ""valtype"": ""modrate""}"
306,333387,91,249,round3_constrained,25_1_14,25.0,etoh,0.015852692,MRT,4,4,hiv_gs,AlHashimiLab_NMR_NoMg_v2,20,A,0.010072553437395217,-4.597941035636576,-8.065404117592038,0.03854701793287852,0.0,0.9941659836907223,"{""base"": ""A"", ""fmod_run_ids"": [100, 101, 102, 103, 104, 105], ""site"": 20, ""valtype"": ""modrate""}"
308,333389,91,251,round3_constrained,25_1_14,25.0,etoh,0.015852692,MRT,4,4,hiv_gs,AlHashimiLab_NMR_NoMg_v2,22,A,0.024869125469490695,-3.694128185858649,-8.065404117592038,0.039669641873744194,0.0,0.9939383968723684,"{""base"": ""A"", ""fmod_run_ids"": [100, 101, 102, 103, 104, 105], ""site"": 22, ""valtype"": ""modrate""}"
313,333394,91,256,round3_constrained,25_1_14,25.0,etoh,0.015852692,MRT,4,4,hiv_gs,AlHashimiLab_NMR_NoMg_v2,27,A,0.006315420390575885,-5.064760955232925,-8.065404117592038,0.04328911200039109,0.0,0.9926186131517251,"{""base"": ""A"", ""fmod_run_ids"": [100, 101, 102, 103, 104, 105], ""site"": 27, ""valtype"": ""modrate""}"
330,333411,91,273,round3_constrained,25_1_14,25.0,etoh,0.015852692,MRT,4,4,hiv_gs,AlHashimiLab_NMR_NoMg_v2,61,A,0.03186300693302812,-3.4463095993859683,-8.065404117592038,,,0.9966108852556785,"{""base"": ""A"", ""fmod_run_ids"": [100, 101, 102, 103, 104, 105], ""site"": 61, ""valtype"": ""modrate""}"
340,333530,92,249,round3_constrained,25_2_14,25.0,etoh,0.015852692,MRT,4,4,hiv_gs,AlHashimiLab_NMR_NoMg_v2,20,A,0.008528012171120307,-4.764398984364509,-8.084794882041246,0.4333965795517342,0.0,0.5733406836335944,"{""base"": ""A"", ""fmod_run_ids"": [141, 142, 143, 144, 145, 147], ""site"": 20, ""valtype"": ""modrate""}"
342,333532,92,251,round3_constrained,25_2_14,25.0,etoh,0.015852692,MRT,4,4,hiv_gs,AlHashimiLab_NMR_NoMg_v2,22,A,0.025718820216018977,-3.6605322509595446,-8.084794882041246,0.05227766303007862,0.0,0.9895273987176755,"{""base"": ""A"", ""fmod_run_ids"": [141, 142, 143, 144, 145, 147], ""site"": 22, ""valtype"": ""modrate""}"
347,333537,92,256,round3_constrained,25_2_14,25.0,etoh,0.015852692,MRT,4,4,hiv_gs,AlHashimiLab_NMR_NoMg_v2,27,A,0.005195498371241467,-5.25996272616571,-8.084794882041246,0.09930201620671966,0.0,0.9622841952660248,"{""base"": ""A"", ""fmod_run_ids"": [141, 142, 143, 144, 145, 147], ""site"": 27, ""valtype"": ""modrate""}"
364,333554,92,273,round3_constrained,25_2_14,25.0,etoh,0.015852692,MRT,4,4,hiv_gs,AlHashimiLab_NMR_NoMg_v2,61,A,0.03274191839777512,-3.419099113832883,-8.084794882041246,0.08431152466772317,0.0,0.9742518811402564,"{""base"": ""A"", ""fmod_run_ids"": [141, 142, 143, 144, 145, 147], ""site"": 61, ""valtype"": ""modrate""}"
374,333673,93,249,round3_constrained,70_1_14,70.0,etoh,0.015852692,MRT,4,4,hiv_gs,AlHashimiLab_NMR_NoMg_v2,20,A,0.012688469352090812,-4.367061622963389,-3.887574670637231,0.046114856768291294,0.0,0.9916736662945882,"{""base"": ""A"", ""fmod_run_ids"": [615, 616, 617, 618, 620, 621], ""site"": 20, ""valtype"": ""modrate""}"
376,333675,93,251,round3_constrained,70_1_14,70.0,etoh,0.015852692,MRT,4,4,hiv_gs,AlHashimiLab_NMR_NoMg_v2,22,A,0.015396253892595845,-4.173631052881083,-3.887574670637231,0.053703921693825554,0.0,0.9887676953391312,"{""base"": ""A"", ""fmod_run_ids"": [615, 616, 617, 618, 620, 621], ""site"": 22, ""valtype"": ""modrate""}"
381,333680,93,256,round3_constrained,70_1_14,70.0,etoh,0.015852692,MRT,4,4,hiv_gs,AlHashimiLab_NMR_NoMg_v2,27,A,0.013663830735537716,-4.2930030296343045,-3.887574670637231,0.04986935348614774,0.0,0.9902890593161342,"{""base"": ""A"", ""fmod_run_ids"": [615, 616, 617, 618, 620, 621], ""site"": 27, ""valtype"": ""modrate""}"
398,333697,93,273,round3_constrained,70_1_14,70.0,etoh,0.015852692,MRT,4,4,hiv_gs,AlHashimiLab_NMR_NoMg_v2,61,A,0.01444234509340678,-4.237590756112833,-3.887574670637231,0.06170971792222792,0.0,0.9852126156269477,"{""base"": ""A"", ""fmod_run_ids"": [615, 616, 617, 618, 620, 621], ""site"": 61, ""valtype"": ""modrate""}"
408,333816,94,249,round3_constrained,70_2_14,70.0,etoh,0.015852692,MRT,4,4,hiv_gs,AlHashimiLab_NMR_NoMg_v2,20,A,0.014527267005070288,-4.231727912342196,-3.5512079015151583,0.051319658044885835,0.0,0.9872002694805248,"{""base"": ""A"", ""fmod_run_ids"": [664, 665, 666, 667, 668, 669, 670], ""site"": 20, ""valtype"": ""modrate""}"
410,333818,94,251,round3_constrained,70_2_14,70.0,etoh,0.015852692,MRT,4,4,hiv_gs,AlHashimiLab_NMR_NoMg_v2,22,A,0.01616284974701401,-4.1250398957052035,-3.5512079015151583,0.061955315142161134,0.0,0.9814802820119947,"{""base"": ""A"", ""fmod_run_ids"": [664, 665, 666, 667, 668, 669, 670], ""site"": 22, ""valtype"": ""modrate""}"
415,333823,94,256,round3_constrained,70_2_14,70.0,etoh,0.015852692,MRT,4,4,hiv_gs,AlHashimiLab_NMR_NoMg_v2,27,A,0.01596261967561839,-4.137505560353643,-3.5512079015151583,0.04070371548825202,0.0,0.9919204680813527,"{""base"": ""A"", ""fmod_run_ids"": [664, 665, 666, 667, 668, 669, 670], ""site"": 27, ""valtype"": ""modrate""}"
432,333840,94,273,round3_constrained,70_2_14,70.0,etoh,0.015852692,MRT,4,4,hiv_gs,AlHashimiLab_NMR_NoMg_v2,61,A,0.014468691048247098,-4.235768202123137,-3.5512079015151583,0.03976964747403882,0.0,0.9922720941602953,"{""base"": ""A"", ""fmod_run_ids"": [664, 665, 666, 667, 668, 669, 670], ""site"": 61, ""valtype"": ""modrate""}"
442,333959,95,249,round3_constrained,75_1_14,75.0,etoh,0.015852692,MRT,4,4,hiv_gs,AlHashimiLab_NMR_NoMg_v2,20,A,0.013325483156383268,-4.31807705019672,-3.2778808237794665,0.03843885744741827,0.0,0.9927685116239263,"{""base"": ""A"", ""fmod_run_ids"": [720, 721, 722, 723, 724, 725, 726], ""site"": 20, ""valtype"": ""modrate""}"
444,333961,95,251,round3_constrained,75_1_14,75.0,etoh,0.015852692,MRT,4,4,hiv_gs,AlHashimiLab_NMR_NoMg_v2,22,A,0.014096308368814718,-4.261842333692841,-3.2778808237794665,0.03682039488429723,0.0,0.9933644066084232,"{""base"": ""A"", ""fmod_run_ids"": [720, 721, 722, 723, 724, 725, 726], ""site"": 22, ""valtype"": ""modrate""}"
449,333966,95,256,round3_constrained,75_1_14,75.0,etoh,0.015852692,MRT,4,4,hiv_gs,AlHashimiLab_NMR_NoMg_v2,27,A,0.017058165732544907,-4.071126261307297,-3.2778808237794665,0.009963889829857001,0.0,0.9995126641992667,"{""base"": ""A"", ""fmod_run_ids"": [720, 721, 722, 723, 724, 725, 726], ""site"": 27, ""valtype"": ""modrate""}"
466,333983,95,273,round3_constrained,75_1_14,75.0,etoh,0.015852692,MRT,4,4,hiv_gs,AlHashimiLab_NMR_NoMg_v2,61,A,0.012866275209165471,-4.35314571580041,-3.2778808237794665,0.029942036878549353,0.0,0.9955977548869759,"{""base"": ""A"", ""fmod_run_ids"": [720, 721, 722, 723, 724, 725, 726], ""site"": 61, ""valtype"": ""modrate""}"
476,334102,96,249,round3_constrained,75_2_14,75.0,etoh,0.015852692,MRT,4,4,hiv_gs,AlHashimiLab_NMR_NoMg_v2,20,A,0.015386201196498875,-4.174284197435359,-3.4405173436847054,0.06351928367377795,0.0,0.9805410255394793,"{""base"": ""A"", ""fmod_run_ids"": [828, 829, 830, 831, 832, 833, 834], ""site"": 20, ""valtype"": ""modrate""}"
478,334104,96,251,round3_constrained,75_2_14,75.0,etoh,0.015852692,MRT,4,4,hiv_gs,AlHashimiLab_NMR_NoMg_v2,22,A,0.016028898253523553,-4.1333620450082025,-3.4405173436847054,0.0726332778046764,0.0,0.9747182460421846,"{""base"": ""A"", ""fmod_run_ids"": [828, 829, 830, 831, 832, 833, 834], ""site"": 22, ""valtype"": ""modrate""}"
483,334109,96,256,round3_constrained,75_2_14,75.0,etoh,0.015852692,MRT,4,4,hiv_gs,AlHashimiLab_NMR_NoMg_v2,27,A,0.019028583032134175,-3.9618130601345065,-3.4405173436847054,0.06965401614177566,0.0,0.9767808390561694,"{""base"": ""A"", ""fmod_run_ids"": [828, 829, 830, 831, 832, 833, 834], ""site"": 27, ""valtype"": ""modrate""}"
500,334126,96,273,round3_constrained,75_2_14,75.0,etoh,0.015852692,MRT,4,4,hiv_gs,AlHashimiLab_NMR_NoMg_v2,61,A,0.014834675659590452,-4.210787888667404,-3.4405173436847054,0.034768841481942946,0.0,0.994085832134764,"{""base"": ""A"", ""fmod_run_ids"": [828, 829, 830, 831, 832, 833, 834], ""site"": 61, ""valtype"": ""modrate""}"
510,334245,97,249,round3_constrained,80_1_14,80.0,etoh,0.015852692,MRT,4,4,hiv_gs,AlHashimiLab_NMR_NoMg_v2,20,A,0.010781631240957072,-4.52991140389563,-3.0957469660214887,0.08007346030429918,0.0,0.9692747956941226,"{""base"": ""A"", ""fmod_run_ids"": [877, 878, 879, 880, 881, 882, 883], ""site"": 20, ""valtype"": ""modrate""}"
512,334247,97,251,round3_constrained,80_1_14,80.0,etoh,0.015852692,MRT,4,4,hiv_gs,AlHashimiLab_NMR_NoMg_v2,22,A,0.01082553015791533,-4.5258480309657845,-3.0957469660214887,0.07787857059692929,0.0,0.9708869409951117,"{""base"": ""A"", ""fmod_run_ids"": [877, 878, 879, 880, 881, 882, 883], ""site"": 22, ""valtype"": ""modrate""}"
517,334252,97,256,round3_constrained,80_1_14,80.0,etoh,0.015852692,MRT,4,4,hiv_gs,AlHashimiLab_NMR_NoMg_v2,27,A,0.017193901479469843,-4.063200523182916,-3.0957469660214887,0.0504121735271195,0.0,0.9850207123622853,"{""base"": ""A"", ""fmod_run_ids"": [877, 878, 879, 880, 881, 882, 883], ""site"": 27, ""valtype"": ""modrate""}"
534,334269,97,273,round3_constrained,80_1_14,80.0,etoh,0.015852692,MRT,4,4,hiv_gs,AlHashimiLab_NMR_NoMg_v2,61,A,0.009911324403911261,-4.614077296389951,-3.0957469660214887,0.04918431994930605,0.0,0.9881729497670544,"{""base"": ""A"", ""fmod_run_ids"": [877, 878, 879, 880, 881, 882, 883], ""site"": 61, ""valtype"": ""modrate""}"
544,334388,98,249,round3_constrained,80_2_14,80.0,etoh,0.015852692,MRT,4,4,hiv_gs,AlHashimiLab_NMR_NoMg_v2,20,A,0.013100222131755901,-4.335126092296205,-2.978467519036371,0.06453023364259906,0.0,0.9798775185148435,"{""base"": ""A"", ""fmod_run_ids"": [933, 934, 935, 936, 937, 938, 939], ""site"": 20, ""valtype"": ""modrate""}"
546,334390,98,251,round3_constrained,80_2_14,80.0,etoh,0.015852692,MRT,4,4,hiv_gs,AlHashimiLab_NMR_NoMg_v2,22,A,0.012902897587507059,-4.3503033736510295,-2.978467519036371,0.042488646050229374,0.0,0.9911738967025482,"{""base"": ""A"", ""fmod_run_ids"": [933, 934, 935, 936, 937, 938, 939], ""site"": 22, ""valtype"": ""modrate""}"
551,334395,98,256,round3_constrained,80_2_14,80.0,etoh,0.015852692,MRT,4,4,hiv_gs,AlHashimiLab_NMR_NoMg_v2,27,A,0.021289207971287825,-3.849555002681025,-2.978467519036371,0.01714971300649276,0.0,0.998564468188317,"{""base"": ""A"", ""fmod_run_ids"": [933, 934, 935, 936, 937, 938, 939], ""site"": 27, ""valtype"": ""modrate""}"
568,334412,98,273,round3_constrained,80_2_14,80.0,etoh,0.015852692,MRT,4,4,hiv_gs,AlHashimiLab_NMR_NoMg_v2,61,A,0.01158718997440535,-4.457855103623464,-2.978467519036371,0.05272752249461109,0.0,0.9864527310179543,"{""base"": ""A"", ""fmod_run_ids"": [933, 934, 935, 936, 937, 938, 939], ""site"": 61, ""valtype"": ""modrate""}"
578,235593,107,25,round3_constrained,25_1_11,25.0,etoh,0.015852692,MRT,4,1,hiv_a35g,AlHashimiLab_NMR_NoMg_v2,20,A,0.010474697552371274,-4.5587926868727555,-8.08316685172666,0.10367393101593358,0.0,0.9593026441498013,"{""base"": ""A"", ""fmod_run_ids"": [51, 52, 53, 54, 55, 56], ""site"": 20, ""valtype"": ""modrate""}"
580,235595,107,27,round3_constrained,25_1_11,25.0,etoh,0.015852692,MRT,4,1,hiv_a35g,AlHashimiLab_NMR_NoMg_v2,22,A,0.027008314322787174,-3.6116105224999395,-8.08316685172666,0.03956966208608019,0.0,0.993983596467371,"{""base"": ""A"", ""fmod_run_ids"": [51, 52, 53, 54, 55, 56], ""site"": 22, ""valtype"": ""modrate""}"
585,235600,107,32,round3_constrained,25_1_11,25.0,etoh,0.015852692,MRT,4,1,hiv_a35g,AlHashimiLab_NMR_NoMg_v2,27,A,0.006571088117017907,-5.0250758411703345,-8.08316685172666,0.10635092444830081,0.0,0.9570657479776379,"{""base"": ""A"", ""fmod_run_ids"": [51, 52, 53, 54, 55, 56], ""site"": 27, ""valtype"": ""modrate""}"
604,235619,107,51,round3_constrained,25_1_11,25.0,etoh,0.015852692,MRT,4,1,hiv_a35g,AlHashimiLab_NMR_NoMg_v2,61,A,0.02978119435965306,-3.513878146430668,-8.08316685172666,0.04536071409062006,0.0,0.992135355841479,"{""base"": ""A"", ""fmod_run_ids"": [51, 52, 53, 54, 55, 56], ""site"": 61, ""valtype"": ""modrate""}"
617,235738,108,25,round3_constrained,25_2_11,25.0,etoh,0.015852692,MRT,4,1,hiv_a35g,AlHashimiLab_NMR_NoMg_v2,20,A,0.008727657421429173,-4.741258281745386,-8.169436968782378,0.22901001385043793,0.0,0.828093812347897,"{""base"": ""A"", ""fmod_run_ids"": [114, 115, 116, 117, 118, 119], ""site"": 20, ""valtype"": ""modrate""}"
619,235740,108,27,round3_constrained,25_2_11,25.0,etoh,0.015852692,MRT,4,1,hiv_a35g,AlHashimiLab_NMR_NoMg_v2,22,A,0.028222358698319544,-3.5676407535442842,-8.169436968782378,0.025904360966416486,0.0,0.9974158501565575,"{""base"": ""A"", ""fmod_run_ids"": [114, 115, 116, 117, 118, 119], ""site"": 22, ""valtype"": ""modrate""}"
624,235745,108,32,round3_constrained,25_2_11,25.0,etoh,0.015852692,MRT,4,1,hiv_a35g,AlHashimiLab_NMR_NoMg_v2,27,A,0.006669710534120557,-5.010178818179158,-8.169436968782378,0.15492225734066237,0.0,0.913056134662285,"{""base"": ""A"", ""fmod_run_ids"": [114, 115, 116, 117, 118, 119], ""site"": 27, ""valtype"": ""modrate""}"
643,235764,108,51,round3_constrained,25_2_11,25.0,etoh,0.015852692,MRT,4,1,hiv_a35g,AlHashimiLab_NMR_NoMg_v2,61,A,0.029411845863470145,-3.5263577652619835,-8.169436968782378,0.08870751696203114,0.0,0.9705541511995507,"{""base"": ""A"", ""fmod_run_ids"": [114, 115, 116, 117, 118, 119], ""site"": 61, ""valtype"": ""modrate""}"
656,235883,109,25,round3_constrained,70_1_11,70.0,etoh,0.015852692,MRT,4,1,hiv_a35g,AlHashimiLab_NMR_NoMg_v2,20,A,0.018800395984318312,-3.9738773463724004,-3.957153680983779,0.051879574816690366,0.0,0.9869845915013278,"{""base"": ""A"", ""fmod_run_ids"": [573, 574, 575, 576, 577, 578, 579], ""site"": 20, ""valtype"": ""modrate""}"
658,235885,109,27,round3_constrained,70_1_11,70.0,etoh,0.015852692,MRT,4,1,hiv_a35g,AlHashimiLab_NMR_NoMg_v2,22,A,0.02090957679470843,-3.867548005119516,-3.957153680983779,0.036111130888322185,0.0,0.9936628508686624,"{""base"": ""A"", ""fmod_run_ids"": [573, 574, 575, 576, 577, 578, 579], ""site"": 22, ""valtype"": ""modrate""}"
663,235890,109,32,round3_constrained,70_1_11,70.0,etoh,0.015852692,MRT,4,1,hiv_a35g,AlHashimiLab_NMR_NoMg_v2,27,A,0.009391689145813337,-4.667930114206774,-3.957153680983779,0.05171422072257279,0.0,0.9869356622127838,"{""base"": ""A"", ""fmod_run_ids"": [573, 574, 575, 576, 577, 578, 579], ""site"": 27, ""valtype"": ""modrate""}"
682,235909,109,51,round3_constrained,70_1_11,70.0,etoh,0.015852692,MRT,4,1,hiv_a35g,AlHashimiLab_NMR_NoMg_v2,61,A,0.016641439153301314,-4.095859359750706,-3.957153680983779,0.036121226591407596,0.0,0.9936319053364819,"{""base"": ""A"", ""fmod_run_ids"": [573, 574, 575, 576, 577, 578, 579], ""site"": 61, ""valtype"": ""modrate""}"
695,236028,110,25,round3_constrained,70_2_11,70.0,etoh,0.015852692,MRT,4,1,hiv_a35g,AlHashimiLab_NMR_NoMg_v2,20,A,0.019151150070611175,-3.955392509252177,-3.7667106909771775,0.01682536333362301,0.0,0.9986148903640371,"{""base"": ""A"", ""fmod_run_ids"": [657, 658, 659, 660, 661, 662, 663], ""site"": 20, ""valtype"": ""modrate""}"
697,236030,110,27,round3_constrained,70_2_11,70.0,etoh,0.015852692,MRT,4,1,hiv_a35g,AlHashimiLab_NMR_NoMg_v2,22,A,0.018370501894809082,-3.9970090586907063,-3.7667106909771775,0.031987179381804044,0.0,0.9950060867575544,"{""base"": ""A"", ""fmod_run_ids"": [657, 658, 659, 660, 661, 662, 663], ""site"": 22, ""valtype"": ""modrate""}"
702,236035,110,32,round3_constrained,70_2_11,70.0,etoh,0.015852692,MRT,4,1,hiv_a35g,AlHashimiLab_NMR_NoMg_v2,27,A,0.011484815888394173,-4.466729473583919,-3.7667106909771775,0.039876921699917224,0.0,0.9922078072716127,"{""base"": ""A"", ""fmod_run_ids"": [657, 658, 659, 660, 661, 662, 663], ""site"": 27, ""valtype"": ""modrate""}"
721,236054,110,51,round3_constrained,70_2_11,70.0,etoh,0.015852692,MRT,4,1,hiv_a35g,AlHashimiLab_NMR_NoMg_v2,61,A,0.014552836111862599,-4.229969382581919,-3.7667106909771775,0.028349019969596243,0.0,0.9960577814915983,"{""base"": ""A"", ""fmod_run_ids"": [657, 658, 659, 660, 661, 662, 663], ""site"": 61, ""valtype"": ""modrate""}"
734,236173,111,25,round3_constrained,75_1_11,75.0,etoh,0.015852692,MRT,4,1,hiv_a35g,AlHashimiLab_NMR_NoMg_v2,20,A,0.01865922527236953,-3.981414602518648,-3.6418987984620004,0.0760297591586536,0.0,0.9779444337092646,"{""base"": ""A"", ""fmod_run_ids"": [706, 707, 708, 709, 710, 712], ""site"": 20, ""valtype"": ""modrate""}"
736,236175,111,27,round3_constrained,75_1_11,75.0,etoh,0.015852692,MRT,4,1,hiv_a35g,AlHashimiLab_NMR_NoMg_v2,22,A,0.01679516750848834,-4.086664082255898,-3.6418987984620004,0.03522609128389907,0.0,0.9951704498440525,"{""base"": ""A"", ""fmod_run_ids"": [706, 707, 708, 709, 710, 712], ""site"": 22, ""valtype"": ""modrate""}"
741,236180,111,32,round3_constrained,75_1_11,75.0,etoh,0.015852692,MRT,4,1,hiv_a35g,AlHashimiLab_NMR_NoMg_v2,27,A,0.012832037399740003,-4.355810313293959,-3.6418987984620004,0.042164084226780724,0.0,0.9930590662417073,"{""base"": ""A"", ""fmod_run_ids"": [706, 707, 708, 709, 710, 712], ""site"": 27, ""valtype"": ""modrate""}"
760,236199,111,51,round3_constrained,75_1_11,75.0,etoh,0.015852692,MRT,4,1,hiv_a35g,AlHashimiLab_NMR_NoMg_v2,61,A,0.013929532196031342,-4.273744074235925,-3.6418987984620004,0.07546135181381747,0.0,0.9781272029249649,"{""base"": ""A"", ""fmod_run_ids"": [706, 707, 708, 709, 710, 712], ""site"": 61, ""valtype"": ""modrate""}"
773,236316,112,25,round3_constrained,75_2_11,75.0,etoh,0.015852692,MRT,4,1,hiv_a35g,AlHashimiLab_NMR_NoMg_v2,20,A,0.019166156475559384,-3.954609238867692,-3.31167096725463,0.03169795546260555,0.0,0.9951014803047478,"{""base"": ""A"", ""fmod_run_ids"": [800, 801, 802, 803, 804, 805, 806], ""site"": 20, ""valtype"": ""modrate""}"
775,236318,112,27,round3_constrained,75_2_11,75.0,etoh,0.015852692,MRT,4,1,hiv_a35g,AlHashimiLab_NMR_NoMg_v2,22,A,0.01724079725700204,-4.060476770210152,-3.31167096725463,0.039255535473626625,0.0,0.9924893220402573,"{""base"": ""A"", ""fmod_run_ids"": [800, 801, 802, 803, 804, 805, 806], ""site"": 22, ""valtype"": ""modrate""}"
780,236323,112,32,round3_constrained,75_2_11,75.0,etoh,0.015852692,MRT,4,1,hiv_a35g,AlHashimiLab_NMR_NoMg_v2,27,A,0.013649766877974973,-4.29403283603364,-3.31167096725463,,,0.9629768425174078,"{""base"": ""A"", ""fmod_run_ids"": [800, 801, 802, 803, 804, 805, 806], ""site"": 27, ""valtype"": ""modrate""}"
799,236342,112,51,round3_constrained,75_2_11,75.0,etoh,0.015852692,MRT,4,1,hiv_a35g,AlHashimiLab_NMR_NoMg_v2,61,A,0.01355518371367267,-4.300986242919909,-3.31167096725463,0.027733779296131474,0.0,0.9962230040650418,"{""base"": ""A"", ""fmod_run_ids"": [800, 801, 802, 803, 804, 805, 806], ""site"": 61, ""valtype"": ""modrate""}"
812,236461,113,25,round3_constrained,80_1_11,80.0,etoh,0.015852692,MRT,4,1,hiv_a35g,AlHashimiLab_NMR_NoMg_v2,20,A,0.015282236420683363,-4.181064143343557,-3.036406758857278,0.029609625363825085,0.0,0.9957054524182986,"{""base"": ""A"", ""fmod_run_ids"": [856, 857, 858, 859, 860, 861, 862], ""site"": 20, ""valtype"": ""modrate""}"
814,236463,113,27,round3_constrained,80_1_11,80.0,etoh,0.015852692,MRT,4,1,hiv_a35g,AlHashimiLab_NMR_NoMg_v2,22,A,0.012318225407007508,-4.3966753728907575,-3.036406758857278,0.0387934210770623,0.0,0.9926268903272144,"{""base"": ""A"", ""fmod_run_ids"": [856, 857, 858, 859, 860, 861, 862], ""site"": 22, ""valtype"": ""modrate""}"
819,236468,113,32,round3_constrained,80_1_11,80.0,etoh,0.015852692,MRT,4,1,hiv_a35g,AlHashimiLab_NMR_NoMg_v2,27,A,0.011267078839914424,-4.485870182406074,-3.036406758857278,,,0.9744998230720285,"{""base"": ""A"", ""fmod_run_ids"": [856, 857, 858, 859, 860, 861, 862], ""site"": 27, ""valtype"": ""modrate""}"
838,236487,113,51,round3_constrained,80_1_11,80.0,etoh,0.015852692,MRT,4,1,hiv_a35g,AlHashimiLab_NMR_NoMg_v2,61,A,0.009034622965027847,-4.706691086298133,-3.036406758857278,0.035063136660255664,0.0,0.9939480320441094,"{""base"": ""A"", ""fmod_run_ids"": [856, 857, 858, 859, 860, 861, 862], ""site"": 61, ""valtype"": ""modrate""}"
851,236608,114,25,round3_constrained,80_2_11,80.0,etoh,0.015852692,MRT,4,1,hiv_a35g,AlHashimiLab_NMR_NoMg_v2,20,A,0.01582197293974722,-4.146355612677201,-2.855228517081614,0.06350276524030686,0.0,0.980561366811407,"{""base"": ""A"", ""fmod_run_ids"": [905, 906, 907, 908, 909, 910, 911], ""site"": 20, ""valtype"": ""modrate""}"
853,236610,114,27,round3_constrained,80_2_11,80.0,etoh,0.015852692,MRT,4,1,hiv_a35g,AlHashimiLab_NMR_NoMg_v2,22,A,0.012390175890839069,-4.3908513872482215,-2.855228517081614,0.02424113456729092,0.0,0.9971085531325753,"{""base"": ""A"", ""fmod_run_ids"": [905, 906, 907, 908, 909, 910, 911], ""site"": 22, ""valtype"": ""modrate""}"
858,236615,114,32,round3_constrained,80_2_11,80.0,etoh,0.015852692,MRT,4,1,hiv_a35g,AlHashimiLab_NMR_NoMg_v2,27,A,0.012538722006490269,-4.378933662328914,-2.855228517081614,,,0.9795404440230452,"{""base"": ""A"", ""fmod_run_ids"": [905, 906, 907, 908, 909, 910, 911], ""site"": 27, ""valtype"": ""modrate""}"
877,236634,114,51,round3_constrained,80_2_11,80.0,etoh,0.015852692,MRT,4,1,hiv_a35g,AlHashimiLab_NMR_NoMg_v2,61,A,0.009460175615883831,-4.660664332043743,-2.855228517081614,0.04564482912584263,0.0,0.9897931921268392,"{""base"": ""A"", ""fmod_run_ids"": [905, 906, 907, 908, 909, 910, 911], ""site"": 61, ""valtype"": ""modrate""}"
890,338073,115,99,round3_constrained,25_1_12,25.0,etoh,0.015852692,MRT,4,2,hiv_c30u,AlHashimiLab_NMR_NoMg_v2,20,A,0.007362787783454343,-4.911316643032603,-8.199523233251517,0.19044998099213012,0.0,0.874327700559822,"{""base"": ""A"", ""fmod_run_ids"": [86, 87, 88, 89, 90, 91], ""site"": 20, ""valtype"": ""modrate""}"
892,338075,115,101,round3_constrained,25_1_12,25.0,etoh,0.015852692,MRT,4,2,hiv_c30u,AlHashimiLab_NMR_NoMg_v2,22,A,0.028298941563011926,-3.5649308756326503,-8.199523233251517,0.0338111871846622,0.0,0.995605055568579,"{""base"": ""A"", ""fmod_run_ids"": [86, 87, 88, 89, 90, 91], ""site"": 22, ""valtype"": ""modrate""}"
897,338080,115,106,round3_constrained,25_1_12,25.0,etoh,0.015852692,MRT,4,2,hiv_c30u,AlHashimiLab_NMR_NoMg_v2,27,A,0.004326161971631036,-5.44307451072106,-8.199523233251517,0.06460468584908267,0.0,0.9836651909523355,"{""base"": ""A"", ""fmod_run_ids"": [86, 87, 88, 89, 90, 91], ""site"": 27, ""valtype"": ""modrate""}"
905,338088,115,114,round3_constrained,25_1_12,25.0,etoh,0.015852692,MRT,4,2,hiv_c30u,AlHashimiLab_NMR_NoMg_v2,35,A,0.012527804123425978,-4.37980477495921,-8.199523233251517,0.024701285226160535,0.0,0.9976031389373795,"{""base"": ""A"", ""fmod_run_ids"": [86, 87, 88, 89, 90, 91], ""site"": 35, ""valtype"": ""modrate""}"
916,338099,115,125,round3_constrained,25_1_12,25.0,etoh,0.015852692,MRT,4,2,hiv_c30u,AlHashimiLab_NMR_NoMg_v2,61,A,0.039846073524053775,-3.2227314099918227,-8.199523233251517,0.06073179166871753,0.0,0.9861580960045548,"{""base"": ""A"", ""fmod_run_ids"": [86, 87, 88, 89, 90, 91], ""site"": 61, ""valtype"": ""modrate""}"
928,338220,116,99,round3_constrained,25_2_12,25.0,etoh,0.015852692,MRT,4,2,hiv_c30u,AlHashimiLab_NMR_NoMg_v2,20,A,0.0076805510702667,-4.8690639804557705,-8.274267245924186,0.0783709281307075,0.0,0.9820718080705592,"{""base"": ""A"", ""fmod_run_ids"": [121, 122, 123, 124, 125], ""site"": 20, ""valtype"": ""modrate""}"
930,338222,116,101,round3_constrained,25_2_12,25.0,etoh,0.015852692,MRT,4,2,hiv_c30u,AlHashimiLab_NMR_NoMg_v2,22,A,0.028368367264422965,-3.5624805833006796,-8.274267245924186,0.04499482904442934,0.0,0.994161362258033,"{""base"": ""A"", ""fmod_run_ids"": [121, 122, 123, 124, 125], ""site"": 22, ""valtype"": ""modrate""}"
935,338227,116,106,round3_constrained,25_2_12,25.0,etoh,0.015852692,MRT,4,2,hiv_c30u,AlHashimiLab_NMR_NoMg_v2,27,A,0.004442663131471196,-5.416501277963352,-8.274267245924186,0.02352187009154012,0.0,0.9983516233700912,"{""base"": ""A"", ""fmod_run_ids"": [121, 122, 123, 124, 125], ""site"": 27, ""valtype"": ""modrate""}"
943,338235,116,114,round3_constrained,25_2_12,25.0,etoh,0.015852692,MRT,4,2,hiv_c30u,AlHashimiLab_NMR_NoMg_v2,35,A,0.013430278031930358,-4.310243566358201,-8.274267245924186,0.05146564049550934,0.0,0.9922430911613989,"{""base"": ""A"", ""fmod_run_ids"": [121, 122, 123, 124, 125], ""site"": 35, ""valtype"": ""modrate""}"
954,338246,116,125,round3_constrained,25_2_12,25.0,etoh,0.015852692,MRT,4,2,hiv_c30u,AlHashimiLab_NMR_NoMg_v2,61,A,0.04443710046518689,-3.1136805623972252,-8.274267245924186,0.020276202322416843,0.0,0.9988326084915427,"{""base"": ""A"", ""fmod_run_ids"": [121, 122, 123, 124, 125], ""site"": 61, ""valtype"": ""modrate""}"
966,338367,117,99,round3_constrained,70_1_12,70.0,etoh,0.015852692,MRT,4,2,hiv_c30u,AlHashimiLab_NMR_NoMg_v2,20,A,0.025304499363685486,-3.676773058598526,-3.8513449596512106,0.005858324463424596,0.0,0.9998329721340254,"{""base"": ""A"", ""fmod_run_ids"": [580, 581, 582, 583, 584, 585, 586], ""site"": 20, ""valtype"": ""modrate""}"
968,338369,117,101,round3_constrained,70_1_12,70.0,etoh,0.015852692,MRT,4,2,hiv_c30u,AlHashimiLab_NMR_NoMg_v2,22,A,0.022015497560855222,-3.816008639037076,-3.8513449596512106,0.018403666463836253,0.0,0.9983480511310118,"{""base"": ""A"", ""fmod_run_ids"": [580, 581, 582, 583, 584, 585, 586], ""site"": 22, ""valtype"": ""modrate""}"
973,338374,117,106,round3_constrained,70_1_12,70.0,etoh,0.015852692,MRT,4,2,hiv_c30u,AlHashimiLab_NMR_NoMg_v2,27,A,0.024555817356637127,-3.7068064932749305,-3.8513449596512106,0.029014533276941815,0.0,0.9959162504675549,"{""base"": ""A"", ""fmod_run_ids"": [580, 581, 582, 583, 584, 585, 586], ""site"": 27, ""valtype"": ""modrate""}"
981,338382,117,114,round3_constrained,70_1_12,70.0,etoh,0.015852692,MRT,4,2,hiv_c30u,AlHashimiLab_NMR_NoMg_v2,35,A,0.02629316209957381,-3.638446369817217,-3.8513449596512106,0.02818879138792587,0.0,0.9961502231499313,"{""base"": ""A"", ""fmod_run_ids"": [580, 581, 582, 583, 584, 585, 586], ""site"": 35, ""valtype"": ""modrate""}"
992,338393,117,125,round3_constrained,70_1_12,70.0,etoh,0.015852692,MRT,4,2,hiv_c30u,AlHashimiLab_NMR_NoMg_v2,61,A,0.02081225309915944,-3.872213374415292,-3.8513449596512106,0.030539868365733143,0.0,0.9954580747521997,"{""base"": ""A"", ""fmod_run_ids"": [580, 581, 582, 583, 584, 585, 586], ""site"": 61, ""valtype"": ""modrate""}"
1004,338514,118,99,round3_constrained,70_2_12,70.0,etoh,0.015852692,MRT,4,2,hiv_c30u,AlHashimiLab_NMR_NoMg_v2,20,A,0.01931480559625357,-3.9468833478250502,-3.627882674406986,0.0169850509707744,0.0,0.9985888918398745,"{""base"": ""A"", ""fmod_run_ids"": [671, 672, 673, 674, 675, 676, 677], ""site"": 20, ""valtype"": ""modrate""}"
1006,338516,118,101,round3_constrained,70_2_12,70.0,etoh,0.015852692,MRT,4,2,hiv_c30u,AlHashimiLab_NMR_NoMg_v2,22,A,0.017002386630282033,-4.074401554763087,-3.627882674406986,0.03622638562913611,0.0,0.9935959137322133,"{""base"": ""A"", ""fmod_run_ids"": [671, 672, 673, 674, 675, 676, 677], ""site"": 22, ""valtype"": ""modrate""}"
1011,338521,118,106,round3_constrained,70_2_12,70.0,etoh,0.015852692,MRT,4,2,hiv_c30u,AlHashimiLab_NMR_NoMg_v2,27,A,0.018590951742752736,-3.9850802820690845,-3.627882674406986,0.019731409760865747,0.0,0.9980952151745202,"{""base"": ""A"", ""fmod_run_ids"": [671, 672, 673, 674, 675, 676, 677], ""site"": 27, ""valtype"": ""modrate""}"
1019,338529,118,114,round3_constrained,70_2_12,70.0,etoh,0.015852692,MRT,4,2,hiv_c30u,AlHashimiLab_NMR_NoMg_v2,35,A,0.01998565232473971,-3.912740646634023,-3.627882674406986,0.028115955115985043,0.0,0.9961450997857278,"{""base"": ""A"", ""fmod_run_ids"": [671, 672, 673, 674, 675, 676, 677], ""site"": 35, ""valtype"": ""modrate""}"
1030,338540,118,125,round3_constrained,70_2_12,70.0,etoh,0.015852692,MRT,4,2,hiv_c30u,AlHashimiLab_NMR_NoMg_v2,61,A,0.01610122927181701,-4.128859657619636,-3.627882674406986,0.05579423409064177,0.0,0.9849291892074301,"{""base"": ""A"", ""fmod_run_ids"": [671, 672, 673, 674, 675, 676, 677], ""site"": 61, ""valtype"": ""modrate""}"
1042,338663,119,99,round3_constrained,75_1_12,75.0,etoh,0.015852692,MRT,4,2,hiv_c30u,AlHashimiLab_NMR_NoMg_v2,20,A,0.018396593312423028,-3.9955897775728113,-3.7599771605588854,0.025392227669661222,0.0,0.9968466702400555,"{""base"": ""A"", ""fmod_run_ids"": [713, 714, 715, 716, 717, 718, 719], ""site"": 20, ""valtype"": ""modrate""}"
1044,338665,119,101,round3_constrained,75_1_12,75.0,etoh,0.015852692,MRT,4,2,hiv_c30u,AlHashimiLab_NMR_NoMg_v2,22,A,0.014593292620780428,-4.227193265364326,-3.7599771605588854,0.03643911030368095,0.0,0.9935021877182253,"{""base"": ""A"", ""fmod_run_ids"": [713, 714, 715, 716, 717, 718, 719], ""site"": 22, ""valtype"": ""modrate""}"
1049,338670,119,106,round3_constrained,75_1_12,75.0,etoh,0.015852692,MRT,4,2,hiv_c30u,AlHashimiLab_NMR_NoMg_v2,27,A,0.01683833417888522,-4.084097195554663,-3.7599771605588854,0.029064763804138697,0.0,0.9958656393542191,"{""base"": ""A"", ""fmod_run_ids"": [713, 714, 715, 716, 717, 718, 719], ""site"": 27, ""valtype"": ""modrate""}"
1057,338678,119,114,round3_constrained,75_1_12,75.0,etoh,0.015852692,MRT,4,2,hiv_c30u,AlHashimiLab_NMR_NoMg_v2,35,A,0.018509904804371813,-3.9894492953396257,-3.7599771605588854,0.044482621477278786,0.0,0.9903846760270969,"{""base"": ""A"", ""fmod_run_ids"": [713, 714, 715, 716, 717, 718, 719], ""site"": 35, ""valtype"": ""modrate""}"
1068,338689,119,125,round3_constrained,75_1_12,75.0,etoh,0.015852692,MRT,4,2,hiv_c30u,AlHashimiLab_NMR_NoMg_v2,61,A,0.013208431883495637,-4.3268998742696105,-3.7599771605588854,0.025264702609439044,0.0,0.9968616535595056,"{""base"": ""A"", ""fmod_run_ids"": [713, 714, 715, 716, 717, 718, 719], ""site"": 61, ""valtype"": ""modrate""}"
1080,338812,120,99,round3_constrained,75_2_12,75.0,etoh,0.015852692,MRT,4,2,hiv_c30u,AlHashimiLab_NMR_NoMg_v2,20,A,0.007592483092252044,-4.880596587948128,-3.7983493816076854,0.10257629156214079,0.0,0.9599990106083671,"{""base"": ""A"", ""fmod_run_ids"": [808, 809, 811, 813, 815, 817], ""site"": 20, ""valtype"": ""modrate""}"
1082,338814,120,101,round3_constrained,75_2_12,75.0,etoh,0.015852692,MRT,4,2,hiv_c30u,AlHashimiLab_NMR_NoMg_v2,22,A,0.006144506712459407,-5.0921968138064315,-3.7983493816076854,0.07748696850895585,0.0,0.9767250363901775,"{""base"": ""A"", ""fmod_run_ids"": [808, 809, 811, 813, 815, 817], ""site"": 22, ""valtype"": ""modrate""}"
1087,338819,120,106,round3_constrained,75_2_12,75.0,etoh,0.015852692,MRT,4,2,hiv_c30u,AlHashimiLab_NMR_NoMg_v2,27,A,0.010548904670111745,-4.551733247188238,-3.7983493816076854,0.03527020837978366,0.0,0.995115017330317,"{""base"": ""A"", ""fmod_run_ids"": [808, 809, 811, 813, 815, 817], ""site"": 27, ""valtype"": ""modrate""}"
1095,338827,120,114,round3_constrained,75_2_12,75.0,etoh,0.015852692,MRT,4,2,hiv_c30u,AlHashimiLab_NMR_NoMg_v2,35,A,0.010324119547736378,-4.573272417598045,-3.7983493816076854,0.07785850846214688,0.0,0.9766346600583284,"{""base"": ""A"", ""fmod_run_ids"": [808, 809, 811, 813, 815, 817], ""site"": 35, ""valtype"": ""modrate""}"
1106,338838,120,125,round3_constrained,75_2_12,75.0,etoh,0.015852692,MRT,4,2,hiv_c30u,AlHashimiLab_NMR_NoMg_v2,61,A,0.006955222343649051,-4.968262485224979,-3.7983493816076854,0.044197092612026805,0.0,0.9923153040615298,"{""base"": ""A"", ""fmod_run_ids"": [808, 809, 811, 813, 815, 817], ""site"": 61, ""valtype"": ""modrate""}"
1118,338959,121,99,round3_constrained,80_1_12,80.0,etoh,0.015852692,MRT,4,2,hiv_c30u,AlHashimiLab_NMR_NoMg_v2,20,A,0.018703373466187886,-3.979051372130202,-3.0136146698420525,0.02217194347842338,0.0,0.9975964584007818,"{""base"": ""A"", ""fmod_run_ids"": [870, 871, 872, 873, 874, 875, 876], ""site"": 20, ""valtype"": ""modrate""}"
1120,338961,121,101,round3_constrained,80_1_12,80.0,etoh,0.015852692,MRT,4,2,hiv_c30u,AlHashimiLab_NMR_NoMg_v2,22,A,0.015294804660737692,-4.180242072906547,-3.0136146698420525,0.026433821102514594,0.0,0.9965742373322695,"{""base"": ""A"", ""fmod_run_ids"": [870, 871, 872, 873, 874, 875, 876], ""site"": 22, ""valtype"": ""modrate""}"
1125,338966,121,106,round3_constrained,80_1_12,80.0,etoh,0.015852692,MRT,4,2,hiv_c30u,AlHashimiLab_NMR_NoMg_v2,27,A,0.01867460899123018,-3.9805904857337118,-3.0136146698420525,0.02997650588209909,0.0,0.9956149907618841,"{""base"": ""A"", ""fmod_run_ids"": [870, 871, 872, 873, 874, 875, 876], ""site"": 27, ""valtype"": ""modrate""}"
1133,338974,121,114,round3_constrained,80_1_12,80.0,etoh,0.015852692,MRT,4,2,hiv_c30u,AlHashimiLab_NMR_NoMg_v2,35,A,0.01967797147455402,-3.9282554681506507,-3.0136146698420525,0.022946883375750664,0.0,0.9974283911789089,"{""base"": ""A"", ""fmod_run_ids"": [870, 871, 872, 873, 874, 875, 876], ""site"": 35, ""valtype"": ""modrate""}"
1144,338985,121,125,round3_constrained,80_1_12,80.0,etoh,0.015852692,MRT,4,2,hiv_c30u,AlHashimiLab_NMR_NoMg_v2,61,A,0.014688321603365464,-4.220702549689742,-3.0136146698420525,0.01633587221816998,0.0,0.9986881864724805,"{""base"": ""A"", ""fmod_run_ids"": [870, 871, 872, 873, 874, 875, 876], ""site"": 61, ""valtype"": ""modrate""}"
1156,339106,122,99,round3_constrained,80_2_12,80.0,etoh,0.015852692,MRT,4,2,hiv_c30u,AlHashimiLab_NMR_NoMg_v2,20,A,0.021175259254484168,-3.854921795095868,-2.8865956124665444,0.03149093353823307,0.0,0.9951755434809769,"{""base"": ""A"", ""fmod_run_ids"": [912, 913, 914, 915, 916, 917, 918], ""site"": 20, ""valtype"": ""modrate""}"
1158,339108,122,101,round3_constrained,80_2_12,80.0,etoh,0.015852692,MRT,4,2,hiv_c30u,AlHashimiLab_NMR_NoMg_v2,22,A,0.017616788251165135,-4.038902953683353,-2.8865956124665444,0.04178855647184509,0.0,0.9915040395200239,"{""base"": ""A"", ""fmod_run_ids"": [912, 913, 914, 915, 916, 917, 918], ""site"": 22, ""valtype"": ""modrate""}"
1163,339113,122,106,round3_constrained,80_2_12,80.0,etoh,0.015852692,MRT,4,2,hiv_c30u,AlHashimiLab_NMR_NoMg_v2,27,A,0.02160968304193795,-3.8346137757648933,-2.8865956124665444,0.031314569299616075,0.0,0.99523157644151,"{""base"": ""A"", ""fmod_run_ids"": [912, 913, 914, 915, 916, 917, 918], ""site"": 27, ""valtype"": ""modrate""}"
1171,339121,122,114,round3_constrained,80_2_12,80.0,etoh,0.015852692,MRT,4,2,hiv_c30u,AlHashimiLab_NMR_NoMg_v2,35,A,0.021297558202135504,-3.849162851235635,-2.8865956124665444,0.0417844642726332,0.0,0.9915365281782215,"{""base"": ""A"", ""fmod_run_ids"": [912, 913, 914, 915, 916, 917, 918], ""site"": 35, ""valtype"": ""modrate""}"
1182,339132,122,125,round3_constrained,80_2_12,80.0,etoh,0.015852692,MRT,4,2,hiv_c30u,AlHashimiLab_NMR_NoMg_v2,61,A,0.01666466829930049,-4.094464471452896,-2.8865956124665444,0.03797800177092113,0.0,0.9929647571055231,"{""base"": ""A"", ""fmod_run_ids"": [912, 913, 914, 915, 916, 917, 918], ""site"": 61, ""valtype"": ""modrate""}"
