-log10(Probability),bp_res1,bp_base1,bp_res2,bp_base2,prob
10.5986,19,A,28,U,2.519996862109242e-11
13.6824,19,A,29,U,2.077782097504269e-14
15.9307,19,A,30,U,1.1730053691536922e-16
16.7103,19,A,31,U,1.9484981599227115e-17
19.9864,19,A,41,U,1.0318106352675928e-20
19.5087,19,A,42,U,3.09955965983737e-20
10.6844,19,A,50,U,2.0682355559317648e-11
8.65283,19,A,51,U,2.2241803522427242e-09
10.2791,20,G,27,C,5.2589616038246125e-11
13.5349,20,G,28,U,2.9180988537418384e-14
15.5231,20,G,29,U,2.9984720157970544e-16
16.1966,20,G,30,U,6.359163628244043e-17
16.9616,20,G,31,U,1.0924460532267906e-17
19.3075,20,G,41,U,4.9260634334957607e-20
16.6263,20,G,42,U,2.36428594240174e-17
17.0277,20,G,43,C,9.382098755562887e-18
9.60482,20,G,50,U,2.4841624911521923e-10
8.30265,20,G,51,U,4.981383753553696e-09
9.9882,21,G,26,C,1.0275429881178091e-10
13.3382,21,G,27,C,4.589865930219978e-14
15.5065,21,G,28,U,3.1153008959737515e-16
15.9778,21,G,29,U,1.0524464317340537e-16
16.5192,21,G,30,U,3.0255198038722966e-17
15.9471,21,G,35,U,1.1295357994976863e-16
18.7535,21,G,38,U,1.7640057644764183e-19
16.3797,21,G,41,U,4.171574461206271e-17
17.101,21,G,42,U,7.925013304804735e-18
8.96898,21,G,50,U,1.074038872520316e-09
0.0171518,21,G,54,U,0.9612762224543143
15.8702,22,U,33,A,1.3483418052460803e-16
15.9464,22,U,34,A,1.1313578641195617e-16
18.3178,22,U,37,G,4.810608341479559e-19
16.3306,22,U,40,A,4.670893874825562e-17
16.4681,22,U,45,G,3.4032981684204235e-17
17.7509,22,U,46,G,1.7745980501517138e-18
16.4321,22,U,47,A,3.6974303349809866e-17
13.9431,22,U,48,G,1.1399872655699785e-14
12.0635,22,U,49,G,8.639726606843925e-13
0.00281822,22,U,53,A,0.9935318179723888
5.52819,22,U,56,G,2.963534585668596e-06
5.53039,22,U,57,A,2.948560206220494e-06
6.1043,22,U,58,A,7.865023054586579e-07
6.63818,22,U,59,G,2.3004881472419547e-07
15.8529,23,U,32,G,1.4031367515451264e-16
15.9563,23,U,33,A,1.1058596193126142e-16
18.1345,23,U,36,A,7.336687144183608e-19
16.3201,23,U,39,G,4.785198963583403e-17
16.3604,23,U,44,A,4.3611397139306616e-17
17.8618,23,U,45,G,1.374674890449261e-18
16.6257,23,U,46,G,2.3675545815176927e-17
14.6188,23,U,47,A,2.405470304988094e-15
13.0163,23,U,48,G,9.63163464023982e-14
0.000591117,23,U,52,A,0.998639828680253
5.8073,23,U,55,G,1.5584755741243492e-06
5.64872,23,U,56,G,2.245329074377952e-06
6.40284,23,U,57,A,3.95512305348402e-07
7.06775,23,U,58,A,8.555590705496653e-08
16.7592,24,G,30,U,1.741004926352608e-17
15.8798,24,G,31,U,1.318863958026115e-16
18.209,24,G,35,U,6.180164001384164e-19
16.9071,24,G,38,U,1.238511375912376e-17
19.3869,24,G,42,U,4.1029856684700486e-20
16.344,24,G,43,C,4.528975799036195e-17
9.41673e-05,24,G,51,U,0.9997831952843124
7.05687,24,G,54,U,8.772633784103536e-08
16.6615,25,A,29,U,2.1802183971859444e-17
15.9457,25,A,30,U,1.1331828679306932e-16
16.1599,25,A,38,U,6.919902892284811e-17
18.8134,25,A,41,U,1.53673859973572e-19
16.3573,25,A,42,U,4.392380956904647e-17
4.22884e-05,25,A,50,U,0.999902632101115
16.2385,26,C,37,G,5.774308727139877e-17
12.4114,26,C,46,G,3.8779303087618206e-13
1.35231e-06,26,C,49,G,0.9999968861960008
11.6434,26,C,56,G,2.273002953290978e-12
12.5259,26,C,59,G,2.9792023371471675e-13
15.4795,27,C,37,G,3.315125698118432e-16
12.3043,27,C,45,G,4.962494060797454e-13
11.0572,27,C,46,G,8.765970403212793e-12
1.60506e-06,27,C,48,G,0.9999963042196001
8.12758,27,C,49,G,7.454525419467523e-09
11.7721,27,C,55,G,1.6900517380435738e-12
14.3511,27,C,56,G,4.4555364406730006e-15
14.0004,27,C,59,G,9.990793899844598e-15
15.2534,28,U,34,A,5.579560614821776e-16
15.067,28,U,36,A,8.570378452303693e-16
14.078,28,U,37,G,8.35603018231249e-15
14.0113,28,U,40,A,9.743163713004509e-15
12.4016,28,U,44,A,3.9664318794685816e-13
10.5673,28,U,45,G,2.708320144298954e-11
7.19414,28,U,46,G,6.395286425734129e-08
5.19036e-05,28,U,47,A,0.9998804946856963
8.06857,28,U,48,G,8.539451966219019e-09
13.9517,28,U,49,G,1.1176350161087835e-14
14.43,28,U,53,A,3.715352290971728e-15
14.6217,28,U,55,G,2.389461294340796e-15
16.4737,28,U,56,G,3.3596961369121336e-17
15.6611,28,U,57,A,2.1822273775659175e-16
14.0136,28,U,58,A,9.691700839472904e-15
15.7114,28,U,59,G,1.9435691636476955e-16
14.7263,29,U,33,A,1.87801907901141e-15
13.1512,29,U,36,A,7.059923578936683e-14
13.1042,29,U,37,G,7.866834251584487e-14
13.7137,29,U,39,G,1.9333033344966133e-14
11.5012,29,U,40,A,3.153552024550711e-12
10.6844,29,U,44,A,2.0682355559317648e-11
6.73859,29,U,45,G,1.8256183821208303e-07
0.000108545,29,U,46,G,0.9997500971320059
6.75142,29,U,47,A,1.772474516937061e-07
12.5176,29,U,48,G,3.0366867884657857e-13
14.7342,29,U,49,G,1.844165953791013e-15
14.6793,29,U,52,A,2.0926663937233923e-15
14.2815,29,U,53,A,5.229979661821563e-15
16.197,29,U,55,G,6.353309318517449e-17
15.4734,29,U,56,G,3.362017734543793e-16
14.0178,29,U,57,A,9.598425535829083e-15
14.8612,29,U,58,A,1.3765753865094155e-15
15.1488,29,U,59,G,7.099046158552879e-16
12.1891,30,U,36,A,6.469936228086815e-13
11.7887,30,U,37,G,1.6266720329719018e-12
11.2014,30,U,39,G,6.289266531604166e-12
10.3741,30,U,40,A,4.225713024244239e-11
6.79321,30,U,44,A,1.6098670072312088e-07
0.00077131,30,U,45,G,0.9982255692589589
6.68917,30,U,46,G,2.0456437342919044e-07
10.4704,30,U,47,A,3.385322128153544e-11
14.0674,30,U,48,G,8.562488476063567e-15
15.1525,30,U,49,G,7.038822279364571e-16
14.3962,30,U,52,A,4.0160582194116655e-15
14.554,30,U,53,A,2.792543841237336e-15
15.4674,30,U,55,G,3.4087880601025905e-16
14.0382,30,U,56,G,9.157986521327517e-15
14.4972,30,U,57,A,3.182731482170786e-15
14.4837,30,U,58,A,3.2832201160919875e-15
13.6198,30,U,59,G,2.3999378768098815e-14
11.4837,31,U,36,A,3.2832201160919877e-12
10.2601,31,U,39,G,5.494143519621421e-11
0.000387026,31,U,44,A,0.9991092366672087
7.04455,31,U,45,G,9.025057966698158e-08
10.4658,31,U,46,G,3.421369661353679e-11
12.8046,31,U,47,A,1.5681947659159635e-13
15.6618,31,U,48,G,2.178712875720257e-16
14.5706,31,U,52,A,2.6878188786381304e-15
14.3779,31,U,55,G,4.1889000700278246e-15
14.5224,31,U,56,G,3.003308878676564e-15
14.5111,31,U,57,A,3.0824781017155034e-15
13.5985,31,U,58,A,2.52057717963911e-14
10.2953,32,G,38,U,5.066406124332984e-11
7.35784,32,G,42,U,4.386922882188201e-08
1.89338e-06,32,G,43,C,0.99999564034094
14.5811,32,G,51,U,2.623614364295928e-15
15.0687,32,G,54,U,8.536896182833194e-16
5.66985,33,A,41,U,2.138700642984058e-06
0.000121556,33,A,42,U,0.9997201461328369
14.5925,33,A,50,U,2.555641901064142e-15
15.5321,33,A,51,U,2.9369733110014464e-16
0.00353336,34,A,41,U,0.9918971444886732
15.436,34,A,50,U,3.664375746478333e-16
14.6491,34,A,54,U,2.24336531035555e-15
0.0262233,35,U,40,A,0.9414054322193826
15.3892,35,U,49,G,4.0813139159697153e-16
15.9222,35,U,52,A,1.196189538806179e-16
14.6919,35,U,53,A,2.0328250323128065e-15
13.5087,35,U,55,G,3.099559659837383e-14
18.1324,35,U,59,G,7.372249081043352e-19
7.39715,36,A,42,U,4.007282870755455e-08
15.9062,36,A,51,U,1.2410806372156537e-16
13.5326,36,A,54,U,2.933593941214122e-14
6.47581,37,G,41,U,3.343412793912872e-07
15.9457,37,G,50,U,1.1331828679306932e-16
15.2608,37,G,54,U,5.485295139412036e-16
9.62007,38,U,44,A,2.3984463039934224e-10
16.1977,38,U,49,G,6.343077242082341e-17
13.4239,38,U,52,A,3.767905482261029e-14
15.4057,38,U,53,A,3.9291625861305657e-16
18.2574,38,U,55,G,5.528406895630929e-19
15.9069,38,U,59,G,1.2390818628280952e-16
9.56845,39,G,43,C,2.701158072739371e-10
13.2972,39,G,51,U,5.04428945952414e-14
18.5899,39,G,54,U,2.570987706415226e-19
13.2968,40,A,50,U,5.048937562011565e-14
16.7148,40,A,54,U,1.9284127756394248e-17
14.7823,41,U,47,A,1.6508210574890323e-15
16.4238,41,U,48,G,3.768773174453475e-17
13.3146,41,U,49,G,4.8461851224018243e-14
16.7022,41,U,53,A,1.985180497416503e-17
18.0311,41,U,56,G,9.308935046377322e-19
13.5448,41,U,57,A,2.8523315122990083e-14
15.2521,41,U,58,A,5.596287273819704e-16
17.9821,41,U,59,G,1.0420774545649807e-18
14.5208,42,U,46,G,3.014393884279472e-15
15.8064,42,U,47,A,1.561708593265374e-16
13.3764,42,U,48,G,4.203393032365495e-14
14.6345,42,U,49,G,2.320064185569637e-15
16.7454,42,U,52,A,1.7972148565476597e-17
18.6039,42,U,55,G,2.4894304648417646e-19
13.5263,42,U,56,G,2.976459653637269e-14
15.2124,42,U,57,A,6.131969697156818e-16
18.2999,42,U,58,A,5.013026495398042e-19
14.3648,43,C,48,G,4.317178444709222e-15
13.5191,43,C,55,G,3.026216535763348e-14
15.2392,43,C,56,G,5.765009137698544e-16
15.897,44,A,51,U,1.2676518658578448e-16
13.5243,44,A,54,U,2.9901983671705677e-14
15.1212,45,G,50,U,7.564844408332819e-16
15.0553,45,G,51,U,8.80440476164674e-16
14.8204,46,G,50,U,1.5121678487917695e-15
8.76264,50,U,56,G,1.727269084985201e-09
7.69214,50,U,57,A,2.0317019620293194e-08
8.2743,50,U,58,A,5.317408188271428e-09
8.08656,50,U,59,G,8.192944256531721e-09
8.46225,51,U,55,G,3.4494511580250634e-09
7.43893,51,U,56,G,3.6397369702820135e-08
7.73418,51,U,57,A,1.84425088272724e-08
7.47786,51,U,58,A,3.327668073503713e-08
4.40613,54,U,59,G,3.92527420199984e-05
