construct,site,temp_C,ln_kobs,ln_kobs_err,ln_kadd,ln_kadd_err,n,site_num,dG,dG_err
hiv_wt,19_C,25.0,-13.925982930183414,0.2367864369275064,-10.845803076361214,0.45446637229944087,2,19,1.7970895732282153,0.14704946907107727
hiv_wt,20_A,25.0,-13.016582527704978,0.025825949609589092,-9.862462020729335,0.47715998347653377,2,20,1.842928705619167,0.01598360130919797
hiv_wt,22_A,25.0,-11.937795924203037,0.04595178195816196,-9.862462020729335,0.47715998347653377,2,22,1.1501402720867577,0.031133437384463575
hiv_wt,24_C,25.0,-11.162917012088698,0.029086219139450167,-10.845803076361214,0.45446637229944087,2,24,-0.5840424164872571,0.06341492588844624
hiv_wt,27_A,25.0,-13.131478794019504,0.04601930994280328,-9.862462020729335,0.47715998347653377,2,27,1.9138628954183412,0.02834406488060067
hiv_wt,30_C,25.0,-14.234884927980424,0.13428283342139724,-10.845803076361214,0.45446637229944087,2,30,1.9876447468857574,0.0823386337229246
hiv_wt,35_A,25.0,-11.465238225616753,0.02551546292340395,-9.862462020729335,0.47715998347653377,2,35,0.8164207209225798,0.018928539042430817
hiv_wt,37_C,25.0,-15.129191067730533,0.5465595851603576,-10.845803076361214,0.45446637229944087,2,37,2.5296121831303124,0.32835830786880493
hiv_wt,39_C,25.0,-14.860061380517006,0.34212990332398385,-10.845803076361214,0.45446637229944087,2,39,2.3675917556642974,0.20643426625774883
hiv_wt,41_C,25.0,-14.763128944731358,0.28235901994237134,-10.845803076361214,0.45446637229944087,2,41,2.309050766668839,0.17068919879278024
hiv_wt,44_C,25.0,-14.010295193314505,0.4791016797451144,-10.845803076361214,0.45446637229944087,2,44,1.8493461850174364,0.2963782437624509
hiv_wt,45_C,25.0,-13.717541356248766,0.46111092876543625,-10.845803076361214,0.45446637229944087,2,45,1.6669403443181472,0.28959234343607293
hiv_wt,61_A,25.0,-11.465007918048588,0.04797914894368887,-9.862462020729335,0.47715998347653377,2,61,0.8162498632597689,0.035595197052824684
hiv_a35g,19_C,25.0,-13.522193822660473,0.21722617242041511,-10.845803076361214,0.45446637229944087,2,19,1.5434811583133554,0.13821388199646167
hiv_a35g,20_A,25.0,-12.776327394563591,0.1256919552080346,-9.862462020729335,0.47715998347653377,2,20,1.6933645847734653,0.07874366120328244
hiv_a35g,22_A,25.0,-11.71592754827663,0.023647378684988396,-9.862462020729335,0.47715998347653377,2,22,0.9971765090799377,0.016614019910579234
hiv_a35g,24_C,25.0,-11.050844804884894,0.03010198855558355,-10.845803076361214,0.45446637229944087,2,24,-0.8770375550512025,0.09620419046821556
hiv_a35g,27_A,25.0,-13.143929239929264,0.09395667212941107,-9.862462020729335,0.47715998347653377,2,27,1.9215294543610144,0.05784118616201672
hiv_a35g,29_C,25.0,-15.615065117685166,1.1152157215248508,-10.845803076361214,0.45446637229944087,1,29,2.820666316091343,0.6664040624868602
hiv_a35g,37_C,25.0,-15.202298182755204,0.9732765608606624,-10.845803076361214,0.45446637229944087,1,37,2.5735110662024683,0.58414231903249
hiv_a35g,39_C,25.0,-14.907728686705441,0.4916054461605893,-10.845803076361214,0.45446637229944087,1,39,2.396340844404513,0.29637110443122416
hiv_a35g,41_C,25.0,-15.132909927705242,0.4687112690081562,-10.845803076361214,0.45446637229944087,2,41,2.531846316204299,0.2815745109913774
hiv_a35g,44_C,25.0,-14.333190817248397,1.1288480601966218,-10.845803076361214,0.45446637229944087,1,44,2.0478233541697684,0.6899238063611884
hiv_a35g,45_C,25.0,-13.874933031292459,0.8722215891007515,-10.845803076361214,0.45446637229944087,1,45,1.7653467745611633,0.543038241012941
hiv_a35g,61_A,25.0,-11.646419866100846,0.04981620707254823,-9.862462020729335,0.47715998347653377,2,61,0.9480165837297533,0.035473990953816224
hiv_c30u,19_C,25.0,-13.63135408494971,0.46737076434700325,-10.845803076361214,0.45446637229944087,2,19,1.6126674218154784,0.29511743935996687
hiv_c30u,20_A,25.0,-13.127085551332039,0.10297232350973154,-9.862462020729335,0.47715998347653377,2,20,1.9111567881201235,0.0634334267429585
hiv_c30u,22_A,25.0,-11.800600969054516,0.02814129980817201,-9.862462020729335,0.47715998347653377,2,22,1.0562153222017217,0.019477504912902167
hiv_c30u,24_C,25.0,-11.140640462368467,0.021389529682522456,-10.845803076361214,0.45446637229944087,2,24,-0.6341326071825156,0.04963033820290344
hiv_c30u,27_A,25.0,-13.666683133930057,0.034376750160035316,-9.862462020729335,0.47715998347653377,2,27,2.2405960104889546,0.02083176680375059
hiv_c30u,29_C,25.0,-14.743089167513649,0.2967919789220983,-10.845803076361214,0.45446637229944087,2,29,2.296934015200251,0.17948783099005006
hiv_c30u,35_A,25.0,-12.581919410246556,0.028543237567929935,-9.862462020729335,0.47715998347653377,2,35,1.5708401555831077,0.018104730679698595
hiv_c30u,37_C,25.0,-15.170474060369447,0.7133739243160873,-10.845803076361214,0.45446637229944087,2,37,2.554406834177095,0.42833355249284644
hiv_c30u,39_C,25.0,-14.658774406688494,0.32142154661678174,-10.845803076361214,0.45446637229944087,2,39,2.2458979766915057,0.19473771813318017
hiv_c30u,41_C,25.0,-14.326162661366402,0.36492296939855984,-10.845803076361214,0.45446637229944087,2,41,2.043527443069654,0.22308145853430816
hiv_c30u,44_C,25.0,-13.9204286942159,0.6086605127335181,-10.845803076361214,0.45446637229944087,2,44,1.7936398109486593,0.3780926937154529
hiv_c30u,45_C,25.0,-13.872833553948936,0.5157964603604416,-10.845803076361214,0.45446637229944087,2,45,1.7640395868460401,0.32116508326295246
hiv_c30u,61_A,25.0,-11.405101225782374,0.03201357095011462,-9.862462020729335,0.47715998347653377,2,61,0.7714596762011635,0.02412610816563769
hiv_gs,19_C,25.0,-13.386757603586599,0.11201903068987751,-10.845803076361214,0.45446637229944087,1,19,1.4568529582043708,0.07204619252999399
hiv_gs,20_A,25.0,-12.943144175331827,0.16193213781088747,-9.862462020729335,0.47715998347653377,2,20,1.7974015090413356,0.10056090743985811
hiv_gs,22_A,25.0,-11.991879462003212,0.057922228124022625,-9.862462020729335,0.47715998347653377,2,22,1.186644180351873,0.03894938519055569
hiv_gs,24_C,25.0,-11.265646151967227,0.04291081959393709,-10.845803076361214,0.45446637229944087,2,24,-0.38548195295605986,0.07415490721317604
hiv_gs,27_A,25.0,-13.410789290389143,0.05286779714330567,-9.862462020729335,0.47715998347653377,2,27,2.085033036884116,0.03225133297748829
hiv_gs,29_C,25.0,-14.125567775606495,0.17078576024917208,-10.845803076361214,0.45446637229944087,2,29,1.9204813217902064,0.10514536025279037
hiv_gs,37_C,25.0,-15.018284074676622,0.5757398057486754,-10.845803076361214,0.45446637229944087,1,37,2.4629285327373998,0.34645745488453356
hiv_gs,39_C,25.0,-15.087115581728863,0.5279006372836607,-10.845803076361214,0.45446637229944087,1,39,2.5043268145293793,0.3173392804000452
hiv_gs,41_C,25.0,-14.052172402656673,0.07890510050045298,-10.845803076361214,0.45446637229944087,1,41,1.8752283851144886,0.04872355416819225
hiv_gs,44_C,25.0,-14.06506611053814,0.27926735210439885,-10.845803076361214,0.45446637229944087,1,44,1.8831880366086322,0.1723531605365624
hiv_gs,45_C,25.0,-13.806186372181681,0.32735269188501503,-10.845803076361214,0.45446637229944087,1,45,1.722468963268174,0.2045468790470781
hiv_gs,61_A,25.0,-11.793272950706465,0.04958251301788714,-9.862462020729335,0.47715998347653377,1,61,1.0511402276511863,0.03436016623600906
hiv_es2,19_C,25.0,-14.015340030987915,0.40005741974611214,-10.845803076361214,0.45446637229944087,1,19,1.8524666376940608,0.24742557815248709
hiv_es2,20_A,25.0,-13.050503793373302,0.1289265716136625,-9.862462020729335,0.47715998347653377,1,20,1.863906793950407,0.07967380272738536
hiv_es2,22_A,25.0,-12.399524903584567,0.16173414593897226,-9.862462020729335,0.47715998347653377,1,22,1.4543495898823904,0.1040556833202714
hiv_es2,24_C,25.0,-11.763009093232252,0.07445969374885401,-10.845803076361214,0.45446637229944087,1,24,0.24113551960863527,0.07348226221630431
hiv_es2,27_A,25.0,-12.843619400530713,0.022832376076918213,-9.862462020729335,0.47715998347653377,1,27,1.7354423750710959,0.014250842598343501
hiv_es2,29_C,25.0,-16.115541183494503,0.47006076919520634,-10.845803076361214,0.45446637229944087,1,29,3.119184338617262,0.27994423246825656
hiv_es2,30_C,25.0,-15.060253775371171,0.20598691617719894,-10.845803076361214,0.45446637229944087,1,30,2.488176060753695,0.12387507560302202
hiv_es2,35_A,25.0,-12.685954318222176,0.06190822032758274,-9.862462020729335,0.47715998347653377,1,35,1.6365956767174556,0.03899597749773047
hiv_es2,37_C,25.0,-14.921958539073,0.5510265686279773,-10.845803076361214,0.45446637229944087,1,37,2.404918442639063,0.33211174601627746
hiv_es2,39_C,25.0,-14.448144149385662,0.2650554457302148,-10.845803076361214,0.45446637229944087,1,39,2.117957608721869,0.16144225081712213
hiv_es2,41_C,25.0,-14.688701587834894,0.5165131332068237,-10.845803076361214,0.45446637229944087,1,41,2.2640237126935263,0.31272846408787996
hiv_es2,44_C,25.0,-13.87300843237389,0.5962576649278474,-10.845803076361214,0.45446637229944087,1,44,1.7641484759101176,0.3712616351529641
hiv_es2,45_C,25.0,-13.845773300454898,0.7707827155327063,-10.845803076361214,0.45446637229944087,1,45,1.7471785618945326,0.4806058260598256
hiv_es2,61_A,25.0,-11.453517298961495,0.08024599691733691,-9.862462020729335,0.47715998347653377,1,61,0.8077126787995859,0.059707615206963716
