construct,site,site_nt,buffer,kobs_val,kobs_err,kdeg_val,kdeg_err,fmod0,fmod0_err,r2,base,max_kobs,max_kobs_err,KKp1,K,K_inv,K_relerr,dG,dG_err,dG_relerr
51,103,103G,13,0.0008518266668677,0.0002014156710807,0.0002201700138848,0.0,0.000506131103474,0.0001527108487874,0.8173768341999459,G,0.0009951160377255,0.0002227813532384,0.8560073745919008,5.944800104629196,0.16821423469248417,0.3256212568094924,-1.0490296410333975,0.1916314785554962,0.18267498939946095
51,104,104A,13,0.0226623644816357,0.0014290159893485,0.0002201700138848,0.0,0.0015441201171104,0.0011162252889205,0.9809517135730642,A,0.070661938032545,0.003602233365609,0.32071529755096756,0.47213678799874226,2.118030251865618,0.08108611098489182,0.4416690877201911,0.04772001524286514,0.1080447252697409
51,105,105A,13,0.0182111026438025,0.0012184377941641,0.0002201700138848,0.0,0.000382093916591,0.0007391216498996,0.9822391964985931,A,0.070661938032545,0.003602233365609,0.25772152803698867,0.34720329064026967,2.880157034675342,0.0841145268058711,0.6225526203509878,0.04950226928592551,0.07951499627134605
51,106,106T,13,0.0011288197826802,0.00024321340941,0.0002201700138848,0.0,0.0017357711325738,0.0001665552821734,0.8435345387260884,T,0.0040312708342393,0.0008113126429311,0.2800158632589636,0.38891948998548503,2.57122624540447,0.2948316601619919,0.5557791211403265,0.1735114823749647,0.31219503535678067
51,107,107T,13,0.0012070478046151,0.000215226238069,0.0002201700138848,0.0,0.0009842996537986,0.0001639606261818,0.8872975015458447,T,0.0040312708342393,0.0008113126429311,0.2994211637588646,0.4273911061392746,2.3397772804241006,0.268881439956744,0.5002666010424115,0.15823950929956504,0.3163103612550578
51,108,108G,13,0.0003718379585728,0.0001218593473103,0.0002201700138848,0.0,0.0002874469662849,9.907125672908036e-05,0.647943426217412,G,0.0009951160377255,0.0002227813532384,0.3736629141488829,0.596584367411551,1.6762088559892732,0.39688963152606416,0.30398596214874474,0.23357365442878106,0.7683698706932068
51,109,109C,13,0.0124741149105185,0.0011021967272629,0.0002201700138848,0.0,0.0019515499999999,6.452903526434901e-15,0.9720936738005608,C,0.0560812809891551,0.0040906357501799,0.2224292079371497,0.28605653685506616,3.4958124397159347,0.1145760890175416,0.7365594259339429,0.06742921380708086,0.09154619631889437
51,113,113A,13,0.0149119616315933,0.0012327661172769,0.0002201700138848,0.0,0.0013545921094666,0.0009698413690778,0.96743857022023,A,0.070661938032545,0.003602233365609,0.21103244613422928,0.2674792456295773,3.7386078222490022,0.09712395992699335,0.7760764218709637,0.057158455275122345,0.07365054995141437
51,114,114A,13,0.0322415590756566,0.0030286510457433,0.0002201700138848,0.0,0.0031794636711843,0.0023449106576965,0.9590430908806292,A,0.070661938032545,0.003602233365609,0.4562790092285185,0.8391785805089256,1.1916414732529794,0.10687757898687968,0.10318454648554087,0.06289856100417375,0.6095734598493162
51,115,115A,13,0.0341577293852968,0.0024285362376696,0.0002201700138848,0.0,0.0028356330550687,0.0018769609321291,0.9761767953295932,A,0.070661938032545,0.003602233365609,0.4833964413708079,0.9357203087286131,1.0686954110878766,0.08748532679487914,0.039099840335377174,0.05148601995422534,1.3167833810216678
51,116,116G,13,0.0004672174427378,0.0001025050634643,0.0002201700138848,0.0,0.000240837638397,7.987789376525546e-05,0.8386157119422923,G,0.0009951160377255,0.0002227813532384,0.46951051437750085,0.8850514988559238,1.1298777543370824,0.31345489060387666,0.07186267166715524,0.18447144616856329,2.5669995546919777
51,121,121C,13,0.0062695952821172,0.0006340989879614,0.0002201700138848,0.0,0.001286768320976,0.0005028537131809,0.9516381013983316,C,0.0560812809891551,0.0040906357501799,0.11179479447571111,0.12586595280053667,7.944960314921131,0.12469748827710986,1.2197099410093097,0.0733857619887505,0.06016656872372771
51,122,122A,13,0.0209961341969626,0.0015023280592312,0.0002201700138848,0.0,0.0003234544864411,0.0112527296526005,0.9787501638250772,A,0.070661938032545,0.003602233365609,0.29713498923978476,0.4227483011544494,2.3654737281478844,0.08785541236586533,0.5066946431017108,0.05170381914170784,0.10204137708108577
51,123,123A,13,0.0234708017558256,0.0018938537864475,0.0002201700138848,0.0,0.0020970209416675,0.0014782132617701,0.9691912186765222,A,0.070661938032545,0.003602233365609,0.3321562132221108,0.4973561479468835,2.010631625100164,0.09544442755613118,0.4110444121691903,0.05617003309819291,0.13665198074769772
51,124,124C,13,0.0560812809891551,0.0021359557138302,0.0002201700138848,0.0,0.0012950849189348,0.0028341847077484,0.9944126035931632,C,0.0560812809891551,0.0040906357501799,1.0,inf,0.0,0.08228621636738061,-inf,0.048426289676918095,0.0
51,125,125A,13,0.0362457276239229,0.0023118221058432,0.0002201700138848,0.0,0.0001174537105879,0.0073093767796581,0.9838959157872408,A,0.070661938032545,0.003602233365609,0.5129455635257143,1.0531585899080411,0.9495246106166377,0.08165128165498216,-0.03048120453377697,0.04805262402954818,1.5764673596248433
51,127,127C,13,0.0014035935803664,6.636513287027062e-05,0.0002201700138848,0.0,0.0013762006705043,5.0336340183674416e-05,0.991149689211711,C,0.0560812809891551,0.0040906357501799,0.02502784450729334,0.02567031721500334,38.955498353387604,0.0869254513011287,2.155372018804145,0.051156527433602966,0.023734430523963977
51,128,128C,13,0.001326678777674,8.683266951671187e-05,0.0002201700138848,0.0,0.0008703561351182,6.626971602153922e-05,0.9873288234349392,C,0.0560812809891551,0.0040906357501799,0.02365635652884874,0.02422953914540207,41.27193645735377,0.09800139273751114,2.1893660463425584,0.05767483356215476,0.026343166168354238
51,129,129G,13,0.0003712977127969,7.416627673490267e-05,0.0002201700138848,0.0,0.0005312495451524,5.654287230293102e-05,0.8624124198456878,G,0.0009951160377255,0.0002227813532384,0.37312001688321844,0.5952016764486638,1.6801027946806364,0.30003248298855784,0.30535152320136094,0.17657222041683981,0.5782588492293227
51,130,130T,13,0.0015910877674167,0.0006125343252281,0.0002201700138848,0.0,0.0016704136193128,0.0004878565458583,0.5747025890965463,T,0.0040312708342393,0.0008113126429311,0.39468639861725835,0.652036230006497,1.5336571098051344,0.43440973680824224,0.25167948100516496,0.25565462457560495,1.015794468244149
51,131,131T,13,0.0011255543764454,0.0001463493906348,0.0002201700138848,0.0,0.0012526159456183,0.000111031076708,0.9367232393549108,T,0.0040312708342393,0.0008113126429311,0.2792058441932473,0.3873586403884541,2.5815869216113834,0.23960344339816417,0.5581457403675603,0.14100910541058947,0.25263850498568635
51,132,132C,13,0.0041362337539325,0.0003565653190434,0.0002201700138848,0.0,0.000744270053776,0.0002492779158518,0.978279037175287,C,0.0560812809891551,0.0040906357501799,0.07375426668182486,0.07962710545246797,12.55853762757875,0.11292375262398606,1.489167005563486,0.06645679674416977,0.04462682593415584
51,133,133A,13,0.0066162163688194,0.0002107593787815,0.0002201700138848,0.0,5.955188698640207e-05,0.00016352202214,0.9959836804017153,A,0.070661938032545,0.003602233365609,0.09363196868124601,0.10330457986808371,9.680112936686491,0.06011270760430867,1.3359617814043585,0.0353769503596243,0.02648051078410055
51,134,134G,13,0.0008215753544864,8.722978480978869e-05,0.0002201700138848,0.0,0.0003585274526986,6.647506875567986e-05,0.9568891875984732,G,0.0009951160377255,0.0002227813532384,0.8256075908134739,4.734194536703849,0.21122917367401706,0.24777566667983028,-0.915022715113221,0.1458185433628162,0.1593605720976809
51,135,135T,13,0.0003808600682011,4.732924217421779e-05,0.0002201700138848,0.0,0.0006231407724584,3.589983886149876e-05,0.94184272603846,T,0.0040312708342393,0.0008113126429311,0.09447642787140303,0.10433348261638192,9.584650822755005,0.23652986179701135,1.3301292778499139,0.1392002708386055,0.1046516854839972
51,136,136A,13,0.0088354161803718,0.0007601872275654,0.0002201700138848,0.0,0.0007084561641151,0.0013625050251408,0.9685975357459172,A,0.070661938032545,0.003602233365609,0.12503784111189312,0.14290657012046093,6.99757890177523,0.1000072333437449,1.1449846714040377,0.058855291511631054,0.05140268946959765
51,137,137C,13,0.0014179798543652,0.0001837863954531,0.0002201700138848,0.0,0.0016810906964712,0.0001464014201594,0.9226190680750386,C,0.0560812809891551,0.0040906357501799,0.025284369924421065,0.025940252874020835,38.55012535369306,0.14872639561512696,2.1492158621706077,0.08752702256361294,0.04072509611724843
51,138,138C,13,0.0015679261552061,0.0001544118773667,0.0002201700138848,0.0,0.000736,9.714311214818698e-16,0.9623158160609524,C,0.0560812809891551,0.0040906357501799,0.02795810166157408,0.028762239271130873,34.767807560926464,0.12255220861462372,2.0884418916751906,0.07212324271201369,0.03453447424106297
51,139,139A,13,0.0327417668734939,0.0018819935754765,0.0002201700138848,0.0,0.0006644383150773,0.0024406075638384,0.986169169069644,A,0.070661938032545,0.003602233365609,0.4633578951431238,0.8634393219419535,1.1581589749131522,0.07682927615437281,0.08641194738081309,0.045214823903295585,0.5232473665248641
51,140,140A,13,0.0300626630094908,0.0016889155395383,0.0002201700138848,0.0,0.0003533487435102,0.0023057841241494,0.9878420226528664,A,0.070661938032545,0.003602233365609,0.42544351098387284,0.74047290234665,1.3504883120379918,0.07586153610174806,0.17682749071088932,0.044645298869951854,0.2524794006320338
51,141,141G,13,0.0005134045371935,0.000124274378654,0.0002201700138848,0.0,0.0002732558996751,9.425243291425664e-05,0.8102109054033467,G,0.0009951160377255,0.0002227813532384,0.5159242919719894,1.0657925680132165,0.9382688808424862,0.329716001598908,-0.03749912461095165,0.19404127822887013,5.17455487940111
51,143,143C,13,0.000344127823886,0.000134352675403,0.0002201700138848,0.0,0.001039119911024,0.000113671011943,0.6213173457466936,C,0.0560812809891551,0.0040906357501799,0.006136233299530851,0.006174119134962076,161.96642438227627,0.3971703859281333,2.9939810947969216,0.2337388812991231,0.07806959159004888
51,145,145C,13,0.0008609567091024,0.0002330976714999,0.0002201700138848,0.0,0.0010396366219253,0.000197119584801,0.7734223835296269,C,0.0560812809891551,0.0040906357501799,0.015351944426320973,0.015591301216124953,64.13832855501326,0.28039611656404073,2.4488163469379303,0.1650160156154154,0.0673860315502043
51,146,146A,13,0.0037752794447361,0.0004034056990998,0.0002201700138848,0.0,0.00067965,2.378272921325324e-15,0.9501179183526868,A,0.070661938032545,0.003602233365609,0.05342734079834192,0.05644293681945418,17.717008652450737,0.11839209593921468,1.6916877727638406,0.06967497336142732,0.041186662505453914
51,151,151A,13,0.0166137059962276,0.0015738390588182,0.0002201700138848,0.0,0.001615926799886,0.0012362260026705,0.9577387831976304,A,0.070661938032545,0.003602233365609,0.2351153458114292,0.3073866687270014,3.25323152152746,0.10757708913994324,0.6942355334131247,0.06331022996648163,0.09119416526438018
51,152,152A,13,0.0191248060808169,0.0014458618017754,0.0002201700138848,0.0,0.0014779955472197,0.0011330753340057,0.9727375983721596,A,0.070661938032545,0.003602233365609,0.2706521589035461,0.37108790024889265,2.694779321366418,0.0911831545036411,0.5833999085830058,0.053662229819074925,0.09198189617378023
51,153,153A,13,0.0269425191285559,0.0013496367040521,0.0002201700138848,0.0,0.0003920340926092,0.0050609389927823,0.9901726950962534,A,0.070661938032545,0.003602233365609,0.3812875768585189,0.6162597720642984,1.6226923212110356,0.07147115532791963,0.2848900292870947,0.04206151436105968,0.14764123007854607
51,154,154C,13,0.0004772352743427,0.00016741367241,0.0002201700138848,0.0,0.00126712483385,0.0001276218829919,0.670240798950223,C,0.0560812809891551,0.0040906357501799,0.008509707088092138,0.008582743723188634,116.51285792190508,0.35830207818513493,2.8001331893509707,0.21086448005541508,0.07530516078925886
51,158,158G,13,0.0001894340654862,9.372030092350858e-05,0.0002201700138848,0.0,0.0005219195980251,6.574600133674914e-05,0.5766408702015027,G,0.0009951160377255,0.0002227813532384,0.19036379507980042,0.23512263152629556,4.253099727187097,0.5430340309445245,0.8519558636249431,0.3195811455169616,0.3751146733789615
51,159,159A,13,0.0035994856611567,0.0003508122949933,0.0002201700138848,0.0,0.0006769039263108,0.0002666700860197,0.9635266222077168,A,0.070661938032545,0.003602233365609,0.05093952644631503,0.05367363604931922,18.631120855705166,0.10998908058738775,1.7212946853414361,0.06472971188810392,0.03760524704999256
51,160,160G,13,0.0005027715506118,7.963108584672457e-05,0.0002201700138848,0.0,0.000374591130365,6.044742728662557e-05,0.9088521489335764,G,0.0009951160377255,0.0002227813532384,0.5052391194106031,1.0211783898693114,0.9792608323096009,0.2742361540223835,-0.012333555305782994,0.16139081392781526,13.085506159942533
51,161,161A,13,0.0030324238229277,0.0001976525127971,0.0002201700138848,0.0,0.0007221497276128,0.0001572116140866,0.9792649170252434,A,0.070661938032545,0.003602233365609,0.04291452948164324,0.04483876393860703,22.302131284644556,0.08274776957687889,1.8271376239553752,0.048697918516001956,0.02665257278791131
51,163,163G,13,0.0009228444799018,9.6101669481658e-05,0.0002201700138848,0.0,0.0001261579694262,7.292232189232056e-05,0.9584641884030844,G,0.0009951160377255,0.0002227813532384,0.9273737382537937,12.769123949880779,0.07831390813692718,0.2469094687515134,-1.4989535454700562,0.14530877692019667,0.09694014691738119
51,164,164G,13,0.0002758264002289,0.0001051576866068,0.0002201700138848,0.0,0.0003213812563977,7.984121049675563e-05,0.6324114013120616,G,0.0009951160377255,0.0002227813532384,0.27718013756400334,0.3834705601889111,2.607762117403132,0.44211802292224106,0.5640827101347058,0.2601910307047005,0.46126397074387476
51,165,165C,13,0.0016102509862061,0.0002528669100607,0.0002201700138848,0.0,0.0010119999999999,1.4950047401583837e-15,0.922200529687704,C,0.0560812809891551,0.0040906357501799,0.02871280680121211,0.02956160340861781,33.827664425958694,0.1731491640592745,2.072309088930967,0.10190007447437528,0.04917223739386387
51,166,166C,13,0.0009004328824377,0.0001551074990883,0.0002201700138848,0.0,0.0008765612399963,0.0001181941518122,0.8939914806948004,C,0.0560812809891551,0.0040906357501799,0.016055854405533712,0.01631785145266889,61.28257772786892,0.18706554112161702,2.4220117337950904,0.11009000635634923,0.045453952522289134
51,169,169G,13,0.0007315022894798,0.000155945714217,0.0002201700138848,0.0,0.0001105401847635,0.0005349442389089,0.8180188082230132,G,0.0009951160377255,0.0002227813532384,0.7350924532899378,2.774901894714561,0.3603731007228508,0.30914071204983046,-0.6006427183970604,0.18193250745441178,0.30289638396006263
51,170,170C,13,0.0301381338196231,0.0023926086123913,0.0002201700138848,0.0,0.001007210731282,0.0079557400324373,0.9757557291919668,C,0.0560812809891551,0.0040906357501799,0.537400952475589,1.1616992195541234,0.8608080156788038,0.10780948754925497,-0.08820815390879916,0.06344699883478806,0.7192872316587383
51,171,171A,13,0.0118030820343157,0.0009920310597102,0.0002201700138848,0.0,0.000578911934072,0.0006042563301323,0.9700742354808504,A,0.070661938032545,0.003602233365609,0.16703592291623132,0.2005319647169286,4.986736161547125,0.09830027879156754,0.9456076073106524,0.05785073109728391,0.061178368966186523
51,172,172A,13,0.0192664544152807,0.0007070704864149,0.0002201700138848,0.0,0.0001585342163545,0.0038935826613724,0.9944190973053392,A,0.070661938032545,0.003602233365609,0.27265675060323263,0.3748666820368024,2.66761504267756,0.06281446083018744,0.5774374243958575,0.03696696008577108,0.06401898893970662
51,173,173A,13,0.0047268244810227,0.0003279117265939,0.0002201700138848,0.0,0.00034845,2.056772211151799e-15,0.9810062753839296,A,0.070661938032545,0.003602233365609,0.06689350182902783,0.07168903223817331,13.949135157490874,0.08608916893731555,1.5509704713082102,0.05066436661020451,0.03266623546189774
51,176,176G,13,0.0005452432768962,0.0001456387792262,0.0002201700138848,0.0,0.0003004166607271,0.000110550692015,0.7780665312293813,G,0.0009951160377255,0.0002227813532384,0.5479192940578493,1.2119944223586538,0.8250863053098108,0.3485204817630592,-0.11315128681293175,0.20510790935925752,1.812687377549261
51,178,178A,13,0.020599833306508,0.002025660858868,0.0002201700138848,0.0,0.0006904579269968,0.0013524548085605,0.9619865879765188,A,0.070661938032545,0.003602233365609,0.29152658248660357,0.41148556216802745,2.43021892367552,0.11076255659206881,0.5225862089130547,0.06518491051934976,0.12473522914990451
51,179,179T,13,0.0011465323306918,8.981458727760433e-05,0.0002201700138848,0.0,0.0009200483572279,7.593030413902405e-05,0.976068735555194,T,0.0040312708342393,0.0008113126429311,0.2844096509105299,0.397447577755091,2.5160550874364733,0.2159629690755085,0.5430139256860365,0.12709644168404963,0.23405742591864048
51,180,180G,13,0.0002676827853791,9.618669564859268e-05,0.0002201700138848,0.0,0.0002534351755772,7.496868902797367e-05,0.6594826499516551,G,0.0009951160377255,0.0002227813532384,0.26899655440277365,0.3679826080477702,2.717519736340864,0.42336579635714655,0.5883453294101384,0.24915515135798105,0.4234845402916317
51,181,181G,13,0.0002493749053438,6.719308588588485e-05,0.0002201700138848,0.0,0.000333329256223,5.097273821799491e-05,0.7749964204916361,G,0.0009951160377255,0.0002227813532384,0.2505988205292993,0.3343987538240817,2.99044176619771,0.3503156903484117,0.644666665078625,0.2061644081852168,0.31980001348460063
51,183,183A,13,0.0245783159966703,0.0024595915014602,0.0002201700138848,0.0,0.0011108522187333,0.0012985045507198,0.9597645856673584,A,0.070661938032545,0.003602233365609,0.34782963333598615,0.5333416713108364,1.8749706872561076,0.11230816689015086,0.3699334992163822,0.06609451817087157,0.17866594485462223
51,184,184A,13,0.0143623680108346,0.0013198558876857,0.0002201700138848,0.0,0.0014906668907803,0.0010388818426147,0.9600542903814882,A,0.070661938032545,0.003602233365609,0.20325465746806542,0.25510617586059964,3.9199364602856206,0.10508959611312833,0.8039495327314724,0.06184631458424995,0.07692810564131178
51,185,185T,13,0.0015152732402177,0.0003365859225504,0.0002201700138848,0.0,0.0007382999999999,2.11762664945046e-15,0.8287047633768077,T,0.0040312708342393,0.0008113126429311,0.3758797913917961,0.6022554408709389,1.6604250159265832,0.29974110529774955,0.29841806178955604,0.17640074163116476,0.5911195206259409
51,186,186A,13,0.019343748894731,0.0014274710579708,0.0002201700138848,0.0,0.0002700241708076,0.0014147193325086,0.9781651157857014,A,0.070661938032545,0.003602233365609,0.2737506136022166,0.37693748005767963,2.652959848532383,0.08969110143464958,0.5741953855683534,0.05278414115098347,0.0919271427072448
51,187,187A,13,0.0193692061346717,0.0018813984799614,0.0002201700138848,0.0,0.0018896036303432,0.0014740503604686,0.9557833735569063,A,0.070661938032545,0.003602233365609,0.27411088167084746,0.37762087176867226,2.6481587082733937,0.10969827814162346,0.5731293760241543,0.06455857164008881,0.11264223112752822
51,188,188G,13,0.0009951160377255,0.0001791862516249,0.0002201700138848,0.0,0.0002322770076339,0.0003666412314083,0.8643126947984912,G,0.0009951160377255,0.0002227813532384,1.0,inf,0.0,0.28730394082751637,-inf,0.16908134166378772,0.0
51,189,189C,13,0.0009102971299217,4.8941490733269306e-05,0.0002201700138848,0.0,0.0009058612369916,3.7137649385578257e-05,0.9885800286371608,C,0.0560812809891551,0.0040906357501799,0.016231746384283405,0.016499563108105655,60.60766539380277,0.09061467023405041,2.415494445119542,0.05332767094480296,0.022077331228208968
51,192,192A,13,0.0045768030410537,0.0001693773301808,0.0002201700138848,0.0,0.0006186025468223,7.214698512217886e-05,0.9958589663676426,A,0.070661938032545,0.003602233365609,0.06477041485821897,0.06925616542423618,14.439147675508615,0.06299503472209665,1.571289141769144,0.037073229689402416,0.023594148717696203
51,195,195G,13,0.000268063695336,0.0001251394033001,0.0002201700138848,0.0,0.0004147199433877,0.0001011002534565,0.534339801323612,G,0.0009951160377255,0.0002227813532384,0.26937933384000456,0.3686993077485908,2.712237259425183,0.517733005258925,0.5872002345923192,0.30469123013303234,0.5188881273941811
51,196,196A,13,0.0108199561542916,0.0006718817290542,0.0002201700138848,0.0,0.0003579458316111,0.0006698918196257,0.984286624566838,A,0.070661938032545,0.003602233365609,0.15312283324734483,0.18080878698677555,5.530704655814878,0.08034162968356716,1.0065382089659392,0.0472818802945278,0.04697474956574431
51,197,197C,13,0.0178930458402886,0.0012175595105825,0.0002201700138848,0.0,0.0017512365682086,0.000955239058795,0.97777309139277,C,0.0560812809891551,0.0040906357501799,0.31905558369375914,0.4685486451661723,2.1342501153649622,0.09975343169214028,0.44615872760891606,0.05870592661379432,0.13158080965582603
51,198,198A,13,0.0238810080269002,0.001552620126502,0.0002201700138848,0.0,0.0005246453365917,0.0018168920383667,0.9820092557047913,A,0.070661938032545,0.003602233365609,0.33796140739730696,0.5104859613525984,1.9589177288056483,0.08261797033401448,0.39570973196809406,0.04862153031865511,0.12287170719009623
51,199,199T,13,0.0010912022766891,0.0002488809219591,0.0002201700138848,0.0,0.00081075,1.6405062487146148e-15,0.8684787763035722,T,0.0040312708342393,0.0008113126429311,0.27068443713110374,0.37114858219440283,2.694338731102071,0.3041772155205202,0.5833036806187898,0.1790114383938827,0.3068923518603223
51,200,200G,13,0.0005097683965729,0.000115521072512,0.0002201700138848,0.0,0.0002322999151408,1.1574442334252922e-06,0.8180567812334272,G,0.0009951160377255,0.0002227813532384,0.5122703054189126,1.0503160072279447,0.9520944107471602,0.31855012022654583,-0.028890607397376783,0.1874700415174631,6.488961583219779
51,206,206A,13,0.0228456813825721,0.0019106503182253,0.0002201700138848,0.0,0.0003391477514337,0.0022933431221351,0.9727035135916472,A,0.070661938032545,0.003602233365609,0.3233095782350321,0.47778063326471304,2.093010746724748,0.09794518085868775,0.43467584738080217,0.05764175228989123,0.1326085924424358
51,207,207A,13,0.0345829066919123,0.0031779033707076,0.0002201700138848,0.0,0.0031625316392234,0.0024551605138041,0.9608263363597334,A,0.070661938032545,0.003602233365609,0.4894135039996262,0.958532017265235,1.0432619693321006,0.10508566073876141,0.024924774703246604,0.06184399857571908,2.481225981459464
51,208,208C,13,0.0051506852691975,0.0006665804229642,0.0002201700138848,0.0,0.001469777780134,0.0006285847293487,0.937504932941441,C,0.0560812809891551,0.0040906357501799,0.09184321717247382,0.10113145539311172,9.888120329257243,0.14855600283974943,1.3484738065770312,0.08742674465239575,0.06483384714332716
51,209,209C,13,0.0008431161657933,0.0001855608045183,0.0002201700138848,0.0,0.0007951770441921,0.0001408159836978,0.8378127122265313,C,0.0560812809891551,0.0040906357501799,0.01503382502900282,0.015263290670307027,65.51667144394915,0.23186137261106768,2.4613295490640326,0.13645281665183495,0.05543866188244631
51,210,210A,13,0.0117327741281592,0.0008879050189478,0.0002201700138848,0.0,0.0012174593213691,0.0007005853317428,0.9724828058782068,A,0.070661938032545,0.003602233365609,0.16604093313652674,0.1990996197943,5.022611298972601,0.09124613265158045,0.9498262599321258,0.053699293110717965,0.05653591122502266
51,211,211C,13,0.0005065037801978,0.0002529988139723,0.0002201700138848,0.0,0.0014660623374166,0.0002043619302,0.5006233767732949,C,0.0560812809891551,0.0040906357501799,0.009031601476716389,0.00911391472238172,109.72233452483657,0.5047979941010879,2.7647939126084857,0.29707884223920894,0.1074506280140517
51,212,212G,13,0.0006833033577191,0.0001416456245051,0.0002201700138848,0.0,0.000451617203741,0.0001103561053721,0.8534167784813339,G,0.0009951160377255,0.0002227813532384,0.6866569644288935,2.191390541606824,0.4563312568040729,0.30510862818744505,-0.46170772525749854,0.17955958438489383,0.38890314058477543
51,214,214A,13,0.0044092176300898,0.0004545716836446,0.0002201700138848,0.0,0.0008091425498779,0.0003611069507911,0.949750680854174,A,0.070661938032545,0.003602233365609,0.06239876449551995,0.06655149559604201,15.02595833563014,0.11501102601731922,1.5947331309274824,0.06768517873136908,0.04244295012044052
51,215,215G,13,0.0003963487296496,0.0001218277125724,0.0002201700138848,0.0,0.0004346999999972,5.715549144082826e-06,0.6890018655836057,G,0.0009951160377255,0.0002227813532384,0.3982939824339679,0.6619411652971521,1.5107082810767478,0.3802621828445573,0.24280677538342993,0.22378822884980237,0.9216720929488302
51,216,216C,13,0.0062823775028424,0.0005409031341227,0.0002201700138848,0.0,0.0023802566938189,0.0004289423526899,0.9644811928504696,C,0.0560812809891551,0.0040906357501799,0.1120227175990733,0.12615493641479716,7.92676076274972,0.11284221684130473,1.218360291605841,0.06640881209248119,0.05450671082275021
51,217,217C,13,0.0067064118126993,0.0004267892782133,0.0002201700138848,0.0,0.0014441012337433,0.0003221654008917,0.984165983587221,C,0.0560812809891551,0.0040906357501799,0.11958378436462916,0.13582642191378655,7.362337797830915,0.09680051293748358,1.174888824073754,0.05696810337536801,0.048488080070282304
51,218,218A,13,0.0158731356616474,0.0012695344028716,0.0002201700138848,0.0,0.0016002434013666,0.000997883030502,0.9694876983152864,A,0.070661938032545,0.003602233365609,0.22463487562903606,0.2897149595311979,3.4516685007158396,0.09484518469663683,0.7290805959326218,0.05581737247552997,0.07655857635894119
51,219,219A,13,0.0099270671828444,0.0007963394484787,0.0002201700138848,0.0,0.0005163499953469,0.0002046073542902,0.9731329970637246,A,0.070661938032545,0.003602233365609,0.14048676641549598,0.16344921861134307,6.118108171430572,0.09504676302689247,1.065941086675003,0.055936003408443034,0.05247569880519812
51,223,223C,13,0.0015680559059729,0.0001349412065852,0.0002201700138848,0.0,0.0010774200734013,0.000107476867376,0.9643523467030066,C,0.0560812809891551,0.0040906357501799,0.02796041528145778,0.02876468790060008,34.76484790850584,0.11281009621309884,2.0883917918750377,0.0663899087704575,0.0317899682563156
51,224,224T,13,0.0006953792528958,0.0001648739562356,0.0002201700138848,0.0,0.0010379259590859,0.0001330690583546,0.816512507842208,T,0.0040312708342393,0.0008113126429311,0.17249628752046323,0.20845379291845637,4.797226214977932,0.3109977353926772,0.9228065149320638,0.1830253849047006,0.19833560117222923
51,225,225A,13,0.0112645513797347,0.0007105883701841,0.0002201700138848,0.0,0.000362653908869,0.0001611599884789,0.9828793462948936,A,0.070661938032545,0.003602233365609,0.15941469613452364,0.18964725578884933,5.272947377173685,0.08110557383806231,0.9784511108481772,0.047731469333321376,0.048782681938952493
51,226,226A,13,0.0131980119782528,0.0011945270796532,0.0002201700138848,0.0,0.0003301369153188,0.0016013589145427,0.9681285670533876,A,0.070661938032545,0.003602233365609,0.18677681854938863,0.2296747348202985,4.353983474858118,0.10387740793294808,0.8657523721371202,0.06113292929874525,0.0706124883583488
51,229,229C,13,0.003134587810486,0.0004097459571293,0.0002201700138848,0.0,0.0014317499944732,0.0003367252698419,0.9293859522600016,C,0.0560812809891551,0.0040906357501799,0.05589365569399459,0.059202711676597145,16.891118188346436,0.14969142462421306,1.6635939447925512,0.08809495211978534,0.05295460012675792
51,230,230A,13,0.0056419789348356,0.0001748007440589,0.0002201700138848,0.0,0.0003173104436804,0.0002645224056563,0.9961773817957336,A,0.070661938032545,0.003602233365609,0.07984466732623517,0.08677303112967295,11.524317947423176,0.05965478390237308,1.4385896516590186,0.03510745752329248,0.024404080401110667
51,231,231A,13,0.0061216009746736,0.0003492439499273,0.0002201700138848,0.0,0.0002769504978541,0.0002813815365901,0.987223944506354,A,0.070661938032545,0.003602233365609,0.0866322258505584,0.09484922536404702,10.543048677117124,0.07650898143471306,1.3862165521238388,0.045026327146961816,0.032481452539270615
51,232,232C,13,0.0026563142334798,0.0002424863213305,0.0002201700138848,0.0,0.0016111976206264,0.0001835516839589,0.9678265713920016,C,0.0560812809891551,0.0040906357501799,0.04736543435934485,0.04972046581943117,20.11244230156009,0.11684900868502729,1.7663188439867905,0.06876685054734127,0.03893229740567471
51,233,233A,13,0.0033404261729592,0.0003493842644622,0.0002201700138848,0.0,0.0003942117219401,0.000280483199695,0.9582061904534834,A,0.070661938032545,0.003602233365609,0.047273344971385994,0.04961900112888749,20.153569746445662,0.1163547843877338,1.7675210457451114,0.06847599443507028,0.03874126115777237
51,234,234G,13,0.0007643520756019,0.0001879225697341,0.0002201700138848,0.0,0.0002239437786315,0.0001424926034461,0.8054261116771921,G,0.0009951160377255,0.0002227813532384,0.768103463942709,3.3122679493278238,0.30190794201988863,0.3325152315968222,-0.7048194913133412,0.1956886540438681,0.2776436469985063
51,235,235A,13,0.0147308730259174,0.0010432483918256,0.0002201700138848,0.0,0.0010722989031297,0.0008208818432288,0.9758933165682124,A,0.070661938032545,0.003602233365609,0.20846970004039167,0.26337551455835595,3.7968601662795445,0.08726022823750054,0.7851754692343049,0.05135354712430684,0.06540391178342123
51,236,236T,13,0.0018167220336009,0.0004996064845296,0.0002201700138848,0.0,0.0011127095460294,0.0003978308399947,0.7259466216479097,T,0.0040312708342393,0.0008113126429311,0.4506574001852483,0.8203576426390712,1.218980537297152,0.3407798374416882,0.11653380807058526,0.20055246009034086,1.7209809188494465
51,237,237C,13,0.0220689463799095,0.0012324780565124,0.0002201700138848,0.0,0.0009023415555175,0.0058162368824257,0.986976353517637,C,0.0560812809891551,0.0040906357501799,0.3935171592135556,0.6488512662671052,1.5411852484361823,0.09186551714668098,0.25456118732216015,0.05406380729432333,0.21238040198918
51,240,240C,13,0.0012236144422477,0.000257068753077,0.0002201700138848,0.0,0.0003208499999999,1.6942645747874452e-15,0.8682935519150645,C,0.0560812809891551,0.0040906357501799,0.02181858938786224,0.02230525866792781,44.83247716996332,0.22239174259798064,2.238065306485196,0.13087984141501535,0.05847900909583269
51,242,242G,13,0.0004957567860532,5.868479422223206e-05,0.0002201700138848,0.0,0.0001096593110038,4.572940526895998e-05,0.9469511944582188,G,0.0009951160377255,0.0002227813532384,0.4981899268615277,0.9927858238191531,1.007266598704134,0.2532436485977297,0.004261005691254455,0.14903650729400642,34.97683835529672
51,245,245G,13,0.0001532670451303,4.496702341716272e-05,0.0002201700138848,0.0,0.0003665973018353,3.411525799413114e-05,0.7439029998473495,G,0.0009951160377255,0.0002227813532384,0.15401926943175073,0.18206002083321124,5.492694087496121,0.36904961006594345,1.0024796237877813,0.2171895137627404,0.21665229757200338
51,246,246A,13,0.0022204550128168,0.000402606955352,0.0002201700138848,0.0,0.00031625,2.3789906933027704e-15,0.8923292888392403,A,0.070661938032545,0.003602233365609,0.031423635901326644,0.03244311658437844,30.82317931445298,0.1883474701650368,2.0175705882850754,0.11084443486141912,0.05493955726011863
51,248,248A,13,0.0168311790935695,0.0013332983616976,0.0002201700138848,0.0,0.0006174358822989,0.1565253639394729,0.9724666030927174,A,0.070661938032545,0.003602233365609,0.2381930012423026,0.3126684339087609,3.1982761659010572,0.09420175203297863,0.6842091708312912,0.0554387056959227,0.08102596115244484
51,249,249T,13,0.0005922233538324,0.0001393340439032,0.0002201700138848,0.0,0.0009998684628338,0.0001056658683528,0.8188096703010239,T,0.0040312708342393,0.0008113126429311,0.1469073595359545,0.17220563461436408,5.807010915986529,0.30960747160507107,1.035228520643256,0.1822072002818306,0.17600674309920789
51,252,252A,13,0.0029690507300565,0.0002266461772732,0.0002201700138848,0.0,0.0005688920303305,0.0002409140823708,0.9772871438378804,A,0.070661938032545,0.003602233365609,0.0420176804192525,0.04386060114099096,22.79950511360927,0.09179335712754311,1.8401181512394187,0.054021340376483026,0.02935753899286127
51,255,255C,13,0.0073396815587569,0.0011089693472411,0.0002201700138848,0.0,0.0024658647657389,0.0008785673443237,0.8982175096193188,C,0.0560812809891551,0.0040906357501799,0.13087578295824295,0.15058351889411803,6.640832989851595,0.16777753260674355,1.1141898010707978,0.09873881378890978,0.08861938396314195
51,256,256A,13,0.0057295187899515,0.0004652760122088,0.0002201700138848,0.0,0.00059685,2.812918505907192e-15,0.9724420379930472,A,0.070661938032545,0.003602233365609,0.08108352175838479,0.08823818451220014,11.332962090371842,0.09588193983073214,1.4287356766871917,0.05642751359835882,0.03949471866566477
51,257,257G,13,0.0003251038162261,9.030275197984951e-05,0.0002201700138848,0.0,0.0005481880714156,6.576649080569424e-05,0.81209877173281,G,0.0009951160377255,0.0002227813532384,0.3266994037893086,0.4852207255243196,2.060917737838631,0.35675453022630843,0.42558207330997966,0.20995373207049786,0.49333312006677177
51,260,260C,13,0.0016980794514724,0.000210587123893,0.0002201700138848,0.0,0.0013586951430587,0.0001603540777702,0.9421448300771889,C,0.0560812809891551,0.0040906357501799,0.030278899153547714,0.031224337726711116,32.026299765024056,0.14387532553969326,2.0401049147551356,0.08467211763437006,0.04150380552587065
51,261,261A,13,0.0039136729550162,0.0006784756277878,0.0002201700138848,0.0,0.00035995,4.258908516034829e-15,0.8884966447533463,A,0.070661938032545,0.003602233365609,0.05538587058302401,0.058633328528770415,17.055146366273856,0.18070030944784127,1.6692813470637593,0.10634400166075417,0.06370645778065613
51,262,262A,13,0.0102141122251124,0.0013159322813271,0.0002201700138848,0.0,0.0011646905811686,0.0010397687885896,0.9240890310413687,A,0.070661938032545,0.003602233365609,0.14454899638342855,0.16897402162405786,5.918069478306267,0.13855390052236333,1.0463774536070076,0.08154040395546316,0.07792637702043573
51,263,263C,13,0.0014487881481857,0.0002714589926947,0.0002201700138848,0.0,0.0021751330037545,0.0002057081880016,0.8770298491907832,C,0.0560812809891551,0.0040906357501799,0.025833720675279583,0.026518799945720956,37.70909701972992,0.20106670682251443,2.1362345091255674,0.11832983722934787,0.0553917824676394
51,265,265A,13,0.0015140651877547,0.0006285975908231,0.0002201700138848,0.0,0.0004036499999999,3.713479723477501e-15,0.5834657170517925,A,0.070661938032545,0.003602233365609,0.021426884542246238,0.021896048648570567,45.670340619437866,0.41829015423824556,2.2489623240313303,0.24616808345770388,0.10945851819182122
51,266,266A,13,0.0026529001689492,0.0001520301123495,0.0002201700138848,0.0,0.0003633705051653,4.127354735065906e-05,0.9901121136551702,A,0.070661938032545,0.003602233365609,0.037543552339695876,0.03900805322772044,25.635732041335665,0.07670010664730069,1.9091200070825536,0.04513880631197784,0.023643776265776656
51,103,103G,14,0.0008196097999948,0.0001516201651464,0.0002201700138848,0.0,0.0001616918730558,0.0001150535473642,0.8796850733248439,G,0.0009951160377255,0.0002227813532384,0.823632389513239,4.669975327329532,0.2141338936306196,0.29041599620834224,-0.9069849494896606,0.17091281845316442,0.1884406334959947
51,104,104A,14,0.0237614152414995,0.0015187866145008,0.0002201700138848,0.0,0.0005269332386157,0.0006492352120307,0.9839908100520084,A,0.070661938032545,0.003602233365609,0.33626894340989666,0.50663433640949,1.973810158796155,0.081757771833557,0.4001668880553981,0.048115294601401765,0.12023807075896996
51,105,105A,14,0.0159593795453165,0.0006841630257515,0.0002201700138848,0.0,3.3950618825440145e-13,0.0004447983641825,0.9925405164747592,A,0.070661938032545,0.003602233365609,0.22585538961535467,0.29174832012734037,3.427611852447091,0.06660744462368001,0.7249645711790527,0.039199170290982806,0.05407046337068704
51,106,106T,14,0.0031581905236617,0.0008113126429311,0.0002201700138848,0.0,0.0009128289644202,0.0038654600348911,0.7846953891670823,T,0.0040312708342393,0.0008113126429311,0.7834230577707265,3.617296696992685,0.2764495378085438,0.32633846949854756,-0.7566636289116472,0.19205356564338805,0.2538163039759553
51,107,107T,14,0.0012781520145961,0.0002475974442918,0.0002201700138848,0.0,0.0006367584424168,0.0002034739697959,0.8696317002691738,T,0.0040312708342393,0.0008113126429311,0.3170593262403038,0.46425603046139013,2.1539838674926273,0.2793368365050199,0.45157522275455997,0.16439261834122185,0.3640426003411894
51,109,109C,14,0.0109298458052622,0.0011849206164343,0.0002201700138848,0.0,0.0021187450214346,0.0009356322107755,0.9450699511669826,C,0.0560812809891551,0.0040906357501799,0.1948929413252132,0.2420708391825662,4.13102215606323,0.13066546724950615,0.8348165632911072,0.07689797935955169,0.09211362440677491
51,110,110G,14,0.0007670872336533,6.877091684822304e-05,0.0002201700138848,0.0,0.000144819874983,6.948226168516065e-05,0.9764721201723956,G,0.0009951160377255,0.0002227813532384,0.7708520459650143,3.3639927059847228,0.2972658050717371,0.24115842763649853,-0.7139387169098055,0.1419242297229339,0.19879049330345214
51,111,111G,14,0.0003388396428503,5.831127473162504e-05,0.0002201700138848,0.0,7.12972246369092e-05,3.395068345436478e-05,0.9102963560151034,G,0.0009951160377255,0.0002227813532384,0.34050264492246884,0.5163063085862399,1.9368347497790983,0.28237428644921075,0.3890377470821571,0.16618018905926052,0.427156979767741
51,113,113A,14,0.0101717074874605,0.0003542275072583,0.0002201700138848,0.0,0.0001595246760511,0.0139118807977399,0.9951105324371748,A,0.070661938032545,0.003602233365609,0.14394888918523127,0.16815454984717468,5.946910154431375,0.061737865001156196,1.0492384900762068,0.036333372301775024,0.034628325824318656
51,114,114A,14,0.0310982483216311,0.0019273509160736,0.0002201700138848,0.0,0.0020697504647448,0.0014938137283819,0.9817380663015408,A,0.070661938032545,0.003602233365609,0.4400990007846668,0.7860300328119408,1.2722160200706376,0.08024865394678386,0.14168991430625502,0.04722716311149085,0.3333135131228318
51,115,115A,14,0.0349090525741488,0.0022128459243114,0.0002201700138848,0.0,0.0020232831752051,0.0017090741075361,0.9809889291352007,A,0.070661938032545,0.003602233365609,0.4940290847679641,0.9763981879104743,1.0241723227078436,0.08134463237213099,0.014056449769510175,0.047872157753953856,3.4057075960811445
51,117,117G,14,0.0005550319668456,0.0001477429454938,0.0002201700138848,0.0,3.166615676262932e-05,0.0001120463211117,0.7792732271659013,G,0.0009951160377255,0.0002227813532384,0.5577560262361122,1.2611953114682706,0.7928986025453982,0.3478161108775073,-0.13656967041538734,0.20469337980559044,1.4988201932610623
51,118,118G,14,0.0003710846361066,0.0001318281583769,0.0002201700138848,0.0,0.000242159573884,9.371283856198856e-05,0.6646094249716568,G,0.0009951160377255,0.0002227813532384,0.3729058944269198,0.5946569918499451,1.6816417089271163,0.4199084655431818,0.30589033096510754,0.24712047640393417,0.807872794227428
51,119,119G,14,0.0003028702595151,0.0001298735871548,0.0002201700138848,0.0,0.0003268892497785,0.0001035637447405,0.5210536197824196,G,0.0009951160377255,0.0002227813532384,0.3043567262842627,0.4375183916586432,2.2856182027205185,0.483732703096087,0.48648415392811895,0.284681700538316,0.5851818568799252
51,121,121C,14,0.0043471197068509,0.0006347017281751,0.0002201700138848,0.0,0.0007498,3.982512965336593e-15,0.9204045626825714,C,0.0560812809891551,0.0040906357501799,0.07751462930548142,0.08402803097801148,11.900790585723481,0.1632112521447917,1.4575075679244316,0.09605151049367418,0.06590120875355497
51,122,122A,14,0.0219904790049783,0.0014087804404324,0.0002201700138848,0.0,0.0003609719779267,0.0005146187002449,0.983177127702378,A,0.070661938032545,0.003602233365609,0.3112068479476189,0.4518146660144965,2.213296900742737,0.08187119131271234,0.4675615913777011,0.048182043138338494,0.10304961747684818
51,123,123A,14,0.0111331827606027,0.0007176706085896,0.0002201700138848,0.0,0.0003181483275728,0.0239311992291833,0.9830352004929904,A,0.070661938032545,0.003602233365609,0.15755558183919402,0.18702193099357659,5.34696650113374,0.08218386129484885,0.9866548921898514,0.04836605265775324,0.04902023295136784
51,124,124C,14,0.0259190869720018,0.0013375485383622,0.0002201700138848,0.0,0.0012839784969436,0.0010416447808089,0.9872083093830262,C,0.0560812809891551,0.0040906357501799,0.46217002384474754,0.8593236605155964,1.163705883997186,0.08935026880135849,0.08922384195154068,0.05258355761998953,0.5893442433082936
51,125,125A,14,0.0276224925503214,0.0008001312552508,0.0002201700138848,0.0,0.0004093979937268,3.931726656849985e-05,0.9966364424416956,A,0.070661938032545,0.003602233365609,0.3909104861743138,0.6417948056912165,1.5581304041920292,0.058633315170951716,0.2609964781829809,0.03450631260659251,0.13220987825897262
51,128,128C,14,0.000481649517029,0.0001574802748752,0.0002201700138848,0.0,0.0008234671285409,0.0001255543208697,0.6517872724830052,C,0.0560812809891551,0.0040906357501799,0.008588418604812907,0.008662818516530394,115.43587091104351,0.3349977041505132,2.794667994032047,0.19714961482572385,0.07054491454682009
51,130,130T,14,0.0032639824420217,0.0003144548695853,0.0002201700138848,0.0,0.001733606247618,0.0002444170451691,0.9643185983999836,T,0.0040312708342393,0.0008113126429311,0.8096658786354186,4.253918702703437,0.23507736510443492,0.22312565791132377,-0.8520691760786688,0.13131175817010837,0.15410926936052521
51,132,132C,14,0.0019769209015836,0.0002017558420927,0.0002201700138848,0.0,0.000600272648737,0.0008322613243757,0.955519124649671,C,0.0560812809891551,0.0040906357501799,0.035250994034282015,0.036539031205319164,27.36799436144944,0.12544226952975596,1.9476009804591528,0.07382407346154385,0.03790513262328488
51,133,133A,14,0.0039126490270902,0.0001631649475808,0.0002201700138848,0.0,0.0001660681978621,0.0001170353660508,0.9930714030167268,A,0.070661938032545,0.003602233365609,0.055371380067273816,0.0586170891913239,17.059871341206296,0.06586234102924647,1.6694443659825604,0.03876066911671256,0.02321770638574096
51,134,134G,14,0.0003541887206974,9.365433731556951e-05,0.0002201700138848,0.0,0.0001642841845626,7.29883320715857e-05,0.78152128755456,G,0.0009951160377255,0.0002227813532384,0.35592705500652577,0.5526191680200634,1.8095644484841575,0.346464247849542,0.34903735315539086,0.2038977944270687,0.5841718445999495
51,135,135T,14,0.0005990030539624,6.970578291845284e-05,0.0002201700138848,0.0,0.0002725445669934,5.2908622467779173e-05,0.9486463068893646,T,0.0040312708342393,0.0008113126429311,0.1485891369229802,0.1745210724537568,5.729967080422177,0.23247665795126263,1.02736827017351,0.13681491844036794,0.1331702782851777
51,136,136A,14,0.0067075177014936,0.0004390773572957,0.0002201700138848,0.0,0.00040595,2.6520847577567804e-15,0.9819931762257486,A,0.070661938032545,0.003602233365609,0.09492405513141029,0.10487965752442195,9.534737465815457,0.08296911149375648,1.327056523297458,0.04882818052411887,0.03679434874619436
51,137,137C,14,0.0006403316188829,0.0002314319203976,0.0002201700138848,0.0,0.0011407932809901,0.0001011735700277,0.6468910835312662,C,0.0560812809891551,0.0040906357501799,0.011417920696332278,0.011549795343624653,86.58162073425724,0.3687119773373045,2.6253961848838854,0.21699081340874088,0.08265069274424112
51,138,138C,14,0.0007515560236492,5.069157060320155e-05,0.0002201700138848,0.0,0.0004955790249365,3.863322484494855e-05,0.9821410063271988,C,0.0560812809891551,0.0040906357501799,0.013401192169532193,0.013583223558724376,73.62022686858522,0.09934667662111794,2.5299587851536325,0.05846654704615276,0.023109683600083773
51,139,139A,14,0.0455015071379978,0.0014116551286125,0.0002201700138848,0.0,0.00029095,7.475807944105817e-15,0.9971902611578792,A,0.070661938032545,0.003602233365609,0.6439323404495504,1.8084550033624003,0.5529581870385125,0.05967670697885991,-0.3486764264319261,0.0351203594806242,0.10072478899711601
51,140,140A,14,0.0306125045070586,0.0011629830476046,0.0002201700138848,0.0,0.0002425798473911,0.0001140659935047,0.9941199592479032,A,0.070661938032545,0.003602233365609,0.433224807575463,0.764367977578949,1.3082704002951422,0.0635773018203135,0.1581362373671094,0.037415899900919945,0.23660547717510091
51,141,141G,14,0.0003470516162673,0.0001060329443324,0.0002201700138848,0.0,0.0001720433183383,0.0001086806573683,0.7281936161974406,G,0.0009951160377255,0.0002227813532384,0.34875492215012743,0.5355202427042738,1.8673430437478762,0.3787683033381259,0.36753447355465413,0.22290906530438098,0.6064983868002611
51,146,146A,14,0.0052705645475685,0.0002073795001098,0.0002201700138848,0.0,0.0011077218697835,0.0001567462636353,0.993878390725186,A,0.070661938032545,0.003602233365609,0.07458845163772637,0.08060030347549435,12.406901176296925,0.0643969247260396,1.48201786482076,0.03789825646087309,0.025572064521271223
51,149,149G,14,0.0003696668808201,6.205395826203419e-05,0.0002201700138848,0.0,3.158449814899096e-05,4.711031821560822e-05,0.8987376901315288,G,0.0009951160377255,0.0002227813532384,0.3714811808932695,0.5910422561749694,1.6919264055190744,0.27981852094090853,0.30947862021685413,0.1646760946153169,0.5321081453055693
51,150,150G,14,0.0002510557227284,7.682209933480396e-05,0.0002201700138848,0.0,0.0002196480392504,3.7101682250035054e-05,0.673395632772101,G,0.0009951160377255,0.0002227813532384,0.25228788725205237,0.3374131339465115,2.963725769366539,0.37914849732899314,0.6393854075517955,0.22313281340154661,0.3489801468193048
51,151,151A,14,0.0098349512076114,0.0007181803549211,0.0002201700138848,0.0,0.0005910823211503,0.0005676593478657,0.9742882675213688,A,0.070661938032545,0.003602233365609,0.13918315123315306,0.16168729902596382,6.1847776914092645,0.08905726960695076,1.0723194416049608,0.05241112456266989,0.04887640989165054
51,152,152A,14,0.007699370599828,0.0003058612121956,0.0002201700138848,0.0,0.0004972665050539,0.000242234307963,0.9922331765238024,A,0.070661938032545,0.003602233365609,0.10896064860663567,0.12228488947906539,8.177625250838497,0.06462903694814685,1.236696698833195,0.03803485690504875,0.030755202096790644
51,153,153A,14,0.0125190461383768,0.0011653196295059,0.0002201700138848,0.0,0.0001896772892292,0.0091891846925039,0.9660635879232484,A,0.070661938032545,0.003602233365609,0.17716816842202746,0.215315161157859,4.64435478961394,0.10612907713779483,0.9037473598063752,0.06245805992188239,0.06911008839380048
51,154,154C,14,0.0007477070087242,0.000103804094765,0.0002201700138848,0.0,0.00058995,7.015496635382692e-16,0.9582038159770028,C,0.0560812809891551,0.0040906357501799,0.013332559376965555,0.013512718498693609,74.00435375729012,0.15682525741726203,2.5330214615382296,0.09229328652612748,0.03643604601363325
51,156,156T,14,0.0010897596700261,0.0004094349963063,0.0002201700138848,0.0,0.0011039322004892,0.0003708546516919,0.6393408862538477,T,0.0040312708342393,0.0008113126429311,0.2703265830641561,0.37047612916933825,2.699229238445528,0.426218795076627,0.5843709203289422,0.2508341706219195,0.4292379409993998
51,159,159A,14,0.0022441996362625,0.0004736078222554,0.0002201700138848,0.0,0.00049105,3.1184511511014634e-15,0.8639887323954047,A,0.070661938032545,0.003602233365609,0.03175966720908336,0.03280142970034858,30.48647602056727,0.21710633912145988,2.0111065048348524,0.12776932678555858,0.06353185496560795
51,161,161A,14,0.0021579605402224,0.0004755915644151,0.0002201700138848,0.0,0.0008142976948004,0.0003785883752561,0.8049215888085663,A,0.070661938032545,0.003602233365609,0.030539220976765466,0.031501244441817226,31.74477763400742,0.22620847234431085,2.034908836225026,0.133126026359151,0.06542112550167803
51,165,165C,14,0.0006477726978137,0.00014186772114,0.0002201700138848,0.0,0.00084065,8.052855476591897e-16,0.882740430051128,C,0.0560812809891551,0.0040906357501799,0.01155060452237111,0.011685580035981245,85.57555525022164,0.23083573676300784,2.6185177415889838,0.13584921934387967,0.0518801981694586
51,166,166C,14,0.0003842065702555,9.0360286443854e-05,0.0002201700138848,0.0,0.0008971027124608,6.88885374791715e-05,0.8188895841810393,C,0.0560812809891551,0.0040906357501799,0.006850887916233532,0.0068981463436637485,144.96648087475617,0.24623812781179943,2.928723237864855,0.14491368583138764,0.04948015707248424
51,168,168T,14,0.001215198333403,0.0003055484162499,0.0002201700138848,0.0,0.000731206171259,0.0003249607861091,0.7983510309316031,T,0.0040312708342393,0.0008113126429311,0.3014429899082451,0.4315223890869706,2.317376862219903,0.32206386979549934,0.4946052125072764,0.1895379194925372,0.3832105175999309
51,169,169G,14,0.0009097227877556,0.0001600697104892,0.0002201700138848,0.0,0.0003408869145222,0.0001417001889999,0.8898991481484231,G,0.0009951160377255,0.0002227813532384,0.9141876457291552,10.65333370115631,0.09386733092679339,0.2847452328867524,-1.3923406597381172,0.16757551556789757,0.12035525530039218
51,170,170C,14,0.0525806129962955,0.0040906357501799,0.0002201700138848,0.0,0.0009302311882254,0.2182154563276769,0.9749100303519488,C,0.0560812809891551,0.0040906357501799,0.9375786727564844,15.020165609405264,0.06657716206363425,0.10664359288551341,-1.5945062078565284,0.06276085776266674,0.03936068574297698
51,171,171A,14,0.0155122415660671,0.0011480094990755,0.0002201700138848,0.0,0.000302748714196,0.0003013883655862,0.9776914197480708,A,0.070661938032545,0.003602233365609,0.21952754195508445,0.2812751938806415,3.555237083666709,0.08986538350958594,0.746479323869707,0.05288670795523027,0.07084818864247779
51,172,172A,14,0.021114764203215,0.0010385910202303,0.0002201700138848,0.0,0.0003703554203199,0.0010818064764858,0.9928068891981772,A,0.070661938032545,0.003602233365609,0.2988138280822429,0.42615476466825003,2.3465653394218715,0.07083959679797977,0.5019714895101575,0.04168983563199711,0.08305219818894417
51,173,173A,14,0.0233248347238306,0.0007550402846831,0.0002201700138848,0.0,0.0003491823667484,0.0166331848458228,0.9957060393018382,A,0.070661938032545,0.003602233365609,0.3300905037884441,0.4927389530304587,2.029472185727896,0.060387565417747015,0.4165333529257924,0.03553870702655019,0.08532019531430318
51,174,174G,14,0.000263724959147,9.904768292914678e-05,0.0002201700138848,0.0,1.9675315049078216e-05,0.0001098381902974,0.6393591449155546,G,0.0009951160377255,0.0002227813532384,0.2650193034269515,0.3605799508240713,2.7733100459817437,0.4372346650647239,0.6003050169954296,0.25731712408164764,0.428643967311049
51,178,178A,14,0.0119319927586196,0.0006005822453871,0.0002201700138848,0.0,0.0003074499715942,0.000473791390664,0.98764695708913,A,0.070661938032545,0.003602233365609,0.16886025335342547,0.20316710160322762,4.922056731177551,0.07163998476010325,0.9379245211874251,0.042160872228632684,0.04495124210555499
51,179,179T,14,0.0039986647931384,0.000611311791222,0.0002201700138848,0.0,0.0008498499999875,0.0013559813475952,0.9006097556762342,T,0.0040312708342393,0.0008113126429311,0.9919117215286151,122.63570363432017,0.008154232171911684,0.2527359897266882,-2.830274668494626,0.14873774479608876,0.05255240646845056
51,181,181G,14,0.0002786626286124,7.674893069960201e-05,0.0002201700138848,0.0,0.0001232961830718,5.8220119946836055e-05,0.7672669114585627,G,0.0009951160377255,0.0002227813532384,0.28003028596476937,0.3889473133463869,2.571042312636891,0.3549301711838806,0.5557370205244061,0.20888007789895502,0.37586137000887765
51,183,183A,14,0.0204608895409803,0.0013316021959022,0.0002201700138848,0.0,0.0002783866825217,0.0011313403662859,0.9831450264376717,A,0.070661938032545,0.003602233365609,0.2895602655499848,0.4075789282452607,2.45351251181035,0.08266953849512057,0.5282002037659366,0.04865187871499746,0.09210878444976284
51,184,184A,14,0.0040061358284468,0.0002647507385634,0.0002201700138848,0.0,0.0002840499999849,2.345196624436919e-05,0.9825386324927492,A,0.070661938032545,0.003602233365609,0.05669439503062711,0.06010183203826914,16.638427916194996,0.08346375840201406,1.654723341260876,0.04911928534731463,0.02968428867987468
51,185,185T,14,0.0013661718574402,0.0001949435366074,0.0002201700138848,0.0,0.0005973200681107,0.0001478654636548,0.924783582264231,T,0.0040312708342393,0.0008113126429311,0.33889359301705074,0.5126158050163795,1.9507787122717515,0.24670806432575595,0.3932594638057877,0.14519024833188002,0.369197086642987
51,186,186A,14,0.0010398176478723,0.0001025868248146,0.0002201700138848,0.0,0.0002188937807136,8.282276408225023e-05,0.9625645625298556,A,0.070661938032545,0.003602233365609,0.014715385352060226,0.014935162016427406,66.95608650914434,0.11105085956319824,2.4741192578551323,0.06535457980068232,0.026415290852769818
51,187,187A,14,0.0065629519825953,0.000709533063719,0.0002201700138848,0.0,0.0002852,4.442657340790121e-15,0.9544087333745752,A,0.070661938032545,0.003602233365609,0.09287817692705484,0.10238776596998057,9.76679186743066,0.1195281414922907,1.341208044073215,0.0703435479230989,0.05244790190004178
51,188,188G,14,0.0005779647731898,0.0001187393803098,0.0002201700138848,0.0,0.0001620561643216,9.590540552447668e-05,0.8556331865444678,G,0.0009951160377255,0.0002227813532384,0.5808013852443106,1.3855040660924032,0.7217589788966431,0.30385379717801625,-0.19189204931160772,0.17882110335318768,0.9318838586313989
51,192,192A,14,0.0038133326663862,0.0004396924479876,0.0002201700138848,0.0,0.0002324233701695,0.0004973329798632,0.9496917410874856,A,0.070661938032545,0.003602233365609,0.0539658658191611,0.057044311478136656,17.53023174595191,0.12607064343171653,1.6854506223078245,0.07419387800409201,0.04402020268176181
51,193,193C,14,0.0004470552314286,0.0001752280998102,0.0002201700138848,0.0,0.0009946165805206,0.0001791342371529,0.6194652113859594,C,0.0560812809891551,0.0040906357501799,0.007971558843583668,0.008035615223179643,124.44597858735031,0.3986899054687883,2.8388984126183754,0.23463313426996046,0.08264935907077894
51,196,196A,14,0.0038390331150388,0.0004243848672597,0.0002201700138848,0.0,0.0003413208662268,0.0003211795972488,0.953570438641379,A,0.070661938032545,0.003602233365609,0.05432957575081855,0.0574508564058707,17.406180909390475,0.12173304851388253,1.6812712860777212,0.07164115851758242,0.04261130200154421
51,197,197C,14,0.0020220366596368,0.0002447830817666,0.0002201700138848,0.0,0.0006106499999999,1.4454126848459696e-15,0.9532059252715964,C,0.0560812809891551,0.0040906357501799,0.03605546492470131,0.03740408665928568,26.73504660357071,0.14133429113412235,1.9338304680173255,0.08317669259679387,0.04301136732118582
51,198,198A,14,0.070661938032545,0.0030126276860111,0.0002201700138848,0.0,0.0006626339979725,0.0018431165466637,0.993181175954509,A,0.070661938032545,0.003602233365609,1.0,inf,0.0,0.06645666658601573,-inf,0.03911043585584669,0.0
51,199,199T,14,0.0040312708342393,0.0004457620943803,0.0002201700138848,0.0,0.0003390329646192,0.0003758858700763,0.9535513161646528,T,0.0040312708342393,0.0008113126429311,1.0,inf,0.0,0.22963136976500967,-inf,0.13514043690500815,0.0
51,200,200G,14,0.0006730028237278,0.0001585302336445,0.0002201700138848,0.0,8.74e-05,9.629480954582212e-16,0.7726573677136717,G,0.0009951160377255,0.0002227813532384,0.6763058761127574,2.0893362783080534,0.47862089524899315,0.32497199688704914,-0.43364175660677856,0.1912493823738043,0.4410308266213096
51,201,201G,14,0.0002316555902237,9.003173902231709e-05,0.0002201700138848,0.0,0.0001839087232746,7.179610964784315e-05,0.5697828421897593,G,0.0009951160377255,0.0002227813532384,0.23279254020786025,0.3034284107077517,3.2956702955648876,0.4485138557206952,0.7018630740039986,0.2639550444787723,0.37607769129804447
51,202,202T,14,0.000222965313992,8.438472203675438e-05,0.0002201700138848,0.0,0.0009789693891131,7.140313860206908e-05,0.6358043667558306,T,0.0040312708342393,0.0008113126429311,0.055308939329568395,0.058547118346093545,17.08025993847609,0.4286487826993896,1.670147286645913,0.2522642434789074,0.15104311188357475
51,206,206A,14,0.0134442353430896,0.0005384058715044,0.0002201700138848,0.0,0.0003530499999999,3.349259585842874e-15,0.9936808831244738,A,0.070661938032545,0.003602233365609,0.19026134461380814,0.23496636025492207,4.255928375938879,0.06482737031570045,0.8523471395961034,0.03815157814383883,0.04476061028598921
51,207,207A,14,0.0635518171527496,0.003602233365609,0.0002201700138848,0.0,0.0002622374592113,0.001295595813367,0.9870489234079458,A,0.070661938032545,0.003602233365609,0.8993783488287476,8.938218945523522,0.1118791121693013,0.07623403722394322,-1.2890356012899393,0.04486451963431246,0.03480471725483492
51,208,208C,14,0.0024892685377231,0.0002758196136179,0.0002201700138848,0.0,0.0009693778484371,0.0001748071564864,0.9532940032516516,C,0.0560812809891551,0.0040906357501799,0.04438679883586237,0.04644849901800219,21.529220989733748,0.13265680945113206,1.8063802054872393,0.07806990484791375,0.04321897716259339
51,210,210A,14,0.0128978723762738,0.0013886222012957,0.0002201700138848,0.0,0.0002639798300018,0.0019954092965994,0.949522550328901,A,0.070661938032545,0.003602233365609,0.18252927580805078,0.2232853977596283,4.4785732073555575,0.11912218983705149,0.8823562192097446,0.07010464117395795,0.07945163149271509
51,211,211C,14,0.0005842345298503,9.944370480444724e-05,0.0002201700138848,0.0,0.0009705056826858,7.748374572107124e-05,0.8962060318928939,C,0.0560812809891551,0.0040906357501799,0.010417638818972026,0.010527308516836314,94.99104148042218,0.18518242284304764,2.6799481664910214,0.1089817717664058,0.04066562671960205
51,212,212G,14,0.0003901710861833,3.616745465632198e-05,0.0002201700138848,0.0,0.0002437441750379,2.7655413918492098e-05,0.9748798279692854,G,0.0009951160377255,0.0002227813532384,0.3920860195109504,0.6449695715099828,1.5504607413630862,0.24230667684708151,0.2580924712720439,0.14259998626330905,0.552515094921156
51,214,214A,14,0.0035416684352873,0.0002902292903018,0.0002201700138848,0.0,0.0002182511458537,0.0002255175907136,0.973939690805396,A,0.070661938032545,0.003602233365609,0.05012130340461512,0.05276600431640698,18.95159606938556,0.09650967785386642,1.731331615391434,0.05679694391963882,0.03280535248979306
51,215,215G,14,0.0003027214953152,0.0001114299853293,0.0002201700138848,0.0,0.000145224192605,9.002700330231202e-05,0.6486004626466686,G,0.0009951160377255,0.0002227813532384,0.3042072319597214,0.4372095341211008,2.287232829929583,0.4308284378704971,0.48689974798547964,0.25354699309812173,0.5207375730777397
51,216,216C,14,0.0064813805661327,0.0004036368841876,0.0002201700138848,0.0,0.0006471281839756,0.0003363604040994,0.9848216939948692,C,0.0560812809891551,0.0040906357501799,0.11557119330755047,0.13067325762461185,7.652675215863399,0.09591019246103251,1.1976510920297796,0.05644414056359626,0.04712903527515239
51,217,217C,14,0.0021282841744656,0.0003373414121885,0.0002201700138848,0.0,0.0010523206124029,0.0002685434960746,0.8886089404040443,C,0.0560812809891551,0.0040906357501799,0.03794999217077734,0.03944700572936744,25.35046656926667,0.17448184707227732,1.9025345608998865,0.10268437221565246,0.05397240834725411
51,218,218A,14,0.0130478266399973,0.0010375535296478,0.0002201700138848,0.0,0.0008891964116177,0.0008176385712388,0.96975342453407,A,0.070661938032545,0.003602233365609,0.1846514121079982,0.22646928546892447,4.415609816268959,0.09445692825674244,0.8740237560718181,0.05558887954369664,0.06360110827368509
51,219,219A,14,0.0194147526437629,0.0006425071216131,0.0002201700138848,0.0,1.123859171590014e-05,0.000412225779035,0.9957211629940292,A,0.070661938032545,0.003602233365609,0.27475545087400494,0.3788452477238437,2.639600222011871,0.06077824660283593,0.5712243110705999,0.03576862694601725,0.0626174801261154
51,220,220G,14,0.0005682890278972,5.457990710493933e-05,0.0002201700138848,0.0,0.0002226196914152,3.82738582549846e-05,0.9730870008181656,G,0.0009951160377255,0.0002227813532384,0.5710781520475916,1.3314270531422228,0.7510738178557802,0.24360637887483697,-0.1684618747731352,0.14336487435354228,0.8510226693523942
51,221,221T,14,0.000241918031542,8.865342066835729e-05,0.0002201700138848,0.0,0.0011922515390022,6.759673880272586e-05,0.6505888618736352,T,0.0040312708342393,0.0008113126429311,0.060010364346470384,0.06384151704475768,15.663788178763438,0.41808713261998803,1.619198860629521,0.24604860313486923,0.15195700115500893
51,223,223C,14,0.0005751969062059,9.700836906395095e-05,0.0002201700138848,0.0,0.0005390960712319,7.363302943523683e-05,0.8979002038344129,C,0.0560812809891551,0.0040906357501799,0.01025648658626629,0.01036277222054282,96.49927439470616,0.18375001499696716,2.689218912383857,0.10813878492909533,0.04021196802949588
51,224,224T,14,0.000438695593079,6.069858407885323e-05,0.0002201700138848,0.0,0.0007901395505109,4.903282867211752e-05,0.9289026088111398,T,0.0040312708342393,0.0008113126429311,0.10882315059384537,0.12211173423811543,8.189221177139455,0.24422818290711426,1.2375306192555682,0.14373081245980904,0.11614323736593261
51,225,225A,14,0.0036786114712719,0.0001766632991764,0.0002201700138848,0.0,0.0002813693006721,0.0001422999068263,0.990894382155022,A,0.070661938032545,0.003602233365609,0.05205930623609035,0.05491831564840071,18.208861437088178,0.07003675051618813,1.7078030979634236,0.041217352288802696,0.024134721583509773
51,226,226A,14,0.017343239588198,0.0003636503135985,0.0002201700138848,0.0,0.0002736994446983,3.524125960200377e-05,0.9987036632332033,A,0.070661938032545,0.003602233365609,0.2454396252224241,0.3252749990943708,3.074321736328324,0.055122126847726535,0.6609467321246771,0.03243994195112853,0.0490810232873793
51,227,227G,14,0.0002512483547685,0.000100960247138,0.0002201700138848,0.0,0.0002554524052663,7.665574923152035e-05,0.6076353474359604,G,0.0009951160377255,0.0002227813532384,0.25248146471718924,0.33775947056840167,2.960686781978728,0.45999004018454615,0.6387816428203958,0.27070889776995977,0.4237894135071037
51,228,228T,14,0.0007214994480855,0.0001097692450119,0.0002201700138848,0.0,0.0008259801898401,9.18010425618676e-05,0.9153158815254094,T,0.0040312708342393,0.0008113126429311,0.1789756822978744,0.21799072017597443,4.5873512376707755,0.2522899371476262,0.8964794493347612,0.14847523823838835,0.16562034784909507
51,229,229C,14,0.0018205199113723,0.0003179960028129,0.0002201700138848,0.0,0.000801142898515,0.0002532154734969,0.8678550414015169,C,0.0560812809891551,0.0040906357501799,0.0324621670415187,0.03355131544805619,29.80509069899778,0.18929114642880565,1.9978038355855687,0.11139979810605383,0.055761129357028115
51,230,230A,14,0.004240326191544,0.0005875193130221,0.0002201700138848,0.0,0.0002690837010166,0.0051468077446417,0.9224586293665228,A,0.070661938032545,0.003602233365609,0.06000863137366851,0.06383955574120101,15.664269407730485,0.1476358575798979,1.619216940794575,0.08688522964702144,0.05365879485202613
51,231,231A,14,0.006395026728305,0.0004430025898234,0.0002201700138848,0.0,0.0002153701872942,0.0051079325029385,0.9807701640181092,A,0.070661938032545,0.003602233365609,0.09050171713885942,0.09950729852304399,10.049514104419377,0.08600898144192051,1.3580019159962564,0.05061717543953347,0.03727327247723339
51,232,232C,14,0.0023687508680598,0.0005112782713,0.0002201700138848,0.0,0.0008734024997607,0.0004069169955371,0.811426671337945,C,0.0560812809891551,0.0040906357501799,0.04223781672387021,0.044100526687524,22.675466147729686,0.22783462152295522,1.836907664514276,0.13408303197515026,0.0729938878068785
51,233,233A,14,0.0028031982359753,0.0002222246914616,0.0002201700138848,0.0,0.0003587999999999,1.3124349332257838e-15,0.9732332236955962,A,0.070661938032545,0.003602233365609,0.03967055410628876,0.0413093176262758,24.207613619933667,0.09425173313332996,1.8753866145959597,0.05546812009059092,0.02957689878923508
51,234,234G,14,0.0004750036990801,4.8050764097001785e-05,0.0002201700138848,0.0,4.484999999930785e-05,0.0584762009643926,0.9581984890641104,G,0.0009951160377255,0.0002227813532384,0.477334985139822,0.9132713527181792,1.0949648174375441,0.2456684534257845,0.05339097248545208,0.1445784265612869,2.7079189576605196
51,235,235A,14,0.0142144603678493,0.0005278776975458,0.0002201700138848,0.0,0.0001295259311967,0.813993661813572,0.9944632743715358,A,0.070661938032545,0.003602233365609,0.2011614847204233,0.25181745856360094,3.971130539177578,0.06307083776324746,0.8115856782084778,0.03711784056338854,0.04573496250614444
51,236,236T,14,0.0034771116504683,0.0005005620166733,0.0002201700138848,0.0,0.0009730175166835,0.0003979805809729,0.9064041712754016,T,0.0040312708342393,0.0008113126429311,0.8625348664088034,6.274571914168939,0.15937342239107144,0.24744238398580812,-1.0808023473340536,0.14562240304919472,0.1347354614915412
51,237,237C,14,0.0204559109768298,0.0014106210085687,0.0002201700138848,0.0,0.0013971335301683,0.0011040991437369,0.9772498720946098,C,0.0560812809891551,0.0040906357501799,0.3647547027462787,0.5741950461076664,1.7415684910184537,0.10037815645128237,0.32649738257930494,0.059073583598039256,0.18093126239286317
51,238,238T,14,0.0027651606174023,0.0002221783797788,0.0002201700138848,0.0,0.000816067546582,0.0001767629568821,0.9688158546015933,T,0.0040312708342393,0.0008113126429311,0.6859277709442425,2.183980968347473,0.4578794478949412,0.2167013809369515,-0.45971447065855836,0.12753100470422132,0.2774135095672067
51,239,239T,14,0.0009219342984445,0.0003905377191023,0.0002201700138848,0.0,0.0009958999999999,2.3716424619995754e-15,0.5987309179430178,T,0.0040312708342393,0.0008113126429311,0.22869569829298478,0.29650515080344547,3.3726226923555345,0.46898432150801894,0.7154465479924073,0.27600212538491725,0.38577602500060754
51,242,242G,14,0.0003693038458798,0.0001318568878885,0.0002201700138848,0.0,7.934999999999999e-05,7.79752004235888e-16,0.7236173347820747,G,0.0009951160377255,0.0002227813532384,0.37111636420201227,0.5901192892880801,1.6945726366721547,0.4214246168589962,0.31039835160282575,0.24801274713960472,0.7990143821928303
51,246,246A,14,0.0018415435887781,0.0001606581267785,0.0002201700138848,0.0,0.0002230999999999,9.099218782902405e-16,0.9772341007901592,A,0.070661938032545,0.003602233365609,0.02606132297036538,0.026758689828243053,37.37103746180158,0.10104351870740312,2.130934761240256,0.05946515616969737,0.027905667151953164
51,248,248A,14,0.0027975389025334,5.566368574412258e-05,0.0002201700138848,0.0,0.0003660057494431,4.040270994789202e-05,0.9988171032559884,A,0.070661938032545,0.003602233365609,0.03959046383988121,0.041222480982613566,24.258607831531798,0.05472388929883222,1.876625028951126,0.03220557503338279,0.017161433177400907
51,249,249T,14,0.0017062414418367,0.0002470529706097,0.0002201700138848,0.0,0.0004748214578363,0.0045867378151182,0.9222128549559532,T,0.0040312708342393,0.0008113126429311,0.42325150355685975,0.7338580094566173,1.362661423754776,0.24792883432218896,0.18210847477740755,0.14590868410503813,0.8012185280415056
51,250,250G,14,0.0003594835796587,0.0001323091577839,0.0002201700138848,0.0,2.317814232170695e-09,0.0002987555843119,0.6698822528592708,G,0.0009951160377255,0.0002227813532384,0.36124790077784136,0.5655525848255551,1.768182175859828,0.43079370562603475,0.3354226485394315,0.253526552812911,0.7558420813766457
51,251,251G,14,0.000212460840921,5.3905515031789474e-05,0.0002201700138848,0.0,0.0001339493235644,4.089417230922864e-05,0.7952650619017418,G,0.0009951160377255,0.0002227813532384,0.21350358437254607,0.2714616114330495,3.683762115464454,0.33836906386473453,0.7673789698090256,0.19913369489810268,0.2594985043018057
51,252,252A,14,0.0026749089237474,0.0003709704755978,0.0002201700138848,0.0,0.0003565,2.1911561886276757e-15,0.9344062439204076,A,0.070661938032545,0.003602233365609,0.0378550178246655,0.03934440081896833,25.416577179589172,0.14775792206418878,1.9040673190549535,0.08695706585892288,0.04566911316039094
51,255,255C,14,0.0088612869169304,0.0010088599965054,0.0002201700138848,0.0,0.0018212447010836,0.0008084263012264,0.9511419736962432,C,0.0560812809891551,0.0040906357501799,0.15800792636394986,0.18765963636879623,5.328796428203452,0.13521207207369237,0.9846516093695518,0.07957370333839532,0.08081406924155074
51,256,256A,14,0.0068442675037083,0.000319632810817,0.0002201700138848,0.0,0.0002460999999999,2.000833425705373e-15,0.9913722639137712,A,0.070661938032545,0.003602233365609,0.09685932333975913,0.10724721612356007,9.324251352574922,0.06913583558758554,1.313919191224272,0.040687154532328094,0.030966253331315585
51,257,257G,14,0.0006199976403615,0.0002227813532384,0.0002201700138848,0.0,0.0001695116598734,0.0001775940863242,0.6078385438608673,G,0.0009951160377255,0.0002227813532384,0.6230405468879848,1.6528052068847987,0.6050319758399094,0.42336175024585854,-0.29571112984625536,0.24915277017962642,0.8425545913985878
51,260,260C,14,0.0019712599640202,0.0005540290347006,0.0002201700138848,0.0,0.0011890999963709,0.0002444332070194,0.7418285387374286,C,0.0560812809891551,0.0040906357501799,0.035150052374898474,0.036430589504012956,27.449459742885757,0.29036417109746004,1.9493501771668804,0.1708823188392204,0.08766117080491663
51,261,261A,14,0.0042237343282003,0.0004423818872755,0.0002201700138848,0.0,0.0002920999999999,2.7760603055250204e-15,0.9571142197205256,A,0.070661938032545,0.003602233365609,0.059773825142680925,0.063573879074098,15.729730741055747,0.1164846282475475,1.6216712140687675,0.0685524088899534,0.04227269269826628
51,262,262A,14,0.0085128461942112,0.0005908457728317,0.0002201700138848,0.0,0.0005825821351393,0.0005673506498124,0.9806810313255432,A,0.070661938032545,0.003602233365609,0.12047286603277722,0.1369745871163389,7.300624305957232,0.08611645011223039,1.1699349487706419,0.05068042186389675,0.04331900839200618
51,263,263C,14,0.0017850913024142,0.0004513339553137,0.0002201700138848,0.0,0.0009774999999999,2.556357376434972e-15,0.8407880897808774,C,0.0560812809891551,0.0040906357501799,0.031830430242122995,0.03287691664393382,30.416477640840803,0.2631464754586093,2.009753703817996,0.15486442335766717,0.07705641893504965
51,264,264C,14,0.0005785178599881,0.0002248837541502,0.0002201700138848,0.0,0.0005762023820761,0.0002414933046641,0.623410986347338,C,0.0560812809891551,0.0040906357501799,0.01031570338238124,0.010423226293108384,95.93958452779431,0.395508199890552,2.685795651532211,0.23276066761879707,0.08666358048722365
51,265,265A,14,0.0017565144810298,0.0001717711972682,0.0002201700138848,0.0,0.0005899468603226,2.447955087428918e-05,0.96258372118849,A,0.070661938032545,0.003602233365609,0.024858000359695716,0.02549167236039978,39.22849728578252,0.11028084987679145,2.159481896991899,0.0649014211336039,0.030054163095328497
51,266,266A,14,0.0026459203284159,0.0003182470977733,0.0002201700138848,0.0,0.0001639205804751,0.0002310259596467,0.9585154964419292,A,0.070661938032545,0.003602233365609,0.03744477440170491,0.03890142965919735,25.70599612303896,0.13063573426141034,1.9107308280010953,0.07688048118843566,0.04023616516872966
