nt_site,canonical
104,0
105,0
109,0
113,0
114,0
115,0
121,1
122,0
123,0
124,0
125,0
127,1
128,1
132,1
133,1
136,1
137,1
138,1
139,0
140,0
143,1
145,1
146,1
151,0
152,0
153,0
154,1
159,1
161,1
165,1
166,1
170,0
171,0
172,0
173,1
178,0
183,0
184,0
186,0
187,0
189,1
192,1
193,1
196,0
197,0
198,0
203,1
204,1
206,0
207,0
208,1
209,1
210,0
211,1
213,1
214,1
216,1
217,1
218,0
219,0
222,1
223,1
225,0
226,0
229,1
230,1
231,1
232,1
233,1
235,0
237,0
240,1
246,1
248,0
252,1
255,0
256,0
260,0
261,0
262,0
263,0
264,0
265,0
266,0