site,disp_name,lnkobs,lnkobs_err,lnkadd,lnkadd_err,base,site_nt,dG,dG_err,KKp1,KKp1_err
2,hiv_wt,-11.837019386592948,0.0857014507084829,-10.127056924457522,0.8265934032394847,A,2A,0.8949170155194088,0.061988914790717775,0.18087258206018123,0.015501042675946649
2,hiv_wt,-11.839907336841296,0.0368356132790398,-10.127056924457522,0.8265934032394847,A,2A,0.8970052403907004,0.026626697611631618,0.1803509845782112,0.006643339122417059
3,hiv_wt,-11.776644859413684,0.0366956676829861,-10.127056924457522,0.8265934032394847,A,3A,0.8509476049026956,0.02691225763759016,0.19212906198181548,0.00705030421072854
3,hiv_wt,-11.86437916300051,0.0411339251549006,-10.127056924457522,0.8265934032394847,A,3A,0.9146476769345564,0.0295764154637329,0.17599103221905218,0.007239201947232193
19,hiv_wt,-14.191251083314292,0.1777593346723482,-10.95811613835019,1.7914567219413255,C,19C,1.891746790136242,0.10964337238704717,0.039433682386986,0.007009705144791327
19,hiv_wt,-14.097935785785538,0.1296175323721284,-10.95811613835019,1.7914567219413255,C,19C,1.8340751114155636,0.08027143616690811,0.043290604769546,0.005611221365125645
20,hiv_wt,-12.921433975463888,0.0494196506744363,-10.127056924457522,0.8265934032394847,A,20A,1.6182389422263257,0.03118761408801978,0.06115295764279822,0.0030221578044156874
20,hiv_wt,-12.928719710282795,0.0315465935867074,-10.127056924457522,0.8265934032394847,A,20A,1.622835715250105,0.01989892649056912,0.06070903253403034,0.0019151631763932525
22,hiv_wt,-11.775120900646003,0.0553279771147055,-10.127056924457522,0.8265934032394847,A,22A,0.8498297451836977,0.04059174106504636,0.1924220819688278,0.01064632454753529
22,hiv_wt,-11.852982948094642,0.0567967234909144,-10.127056924457522,0.8265934032394847,A,22A,0.9064434605724869,0.04093860939788971,0.1780081356853414,0.010110278861653508
24,hiv_wt,-10.9514694334839,0.0204153465674552,-10.95811613835019,1.7914567219413255,C,24C,,1.8137756677584451,1.0066688432309583,0.02055149331321924
24,hiv_wt,-11.108310786073528,0.0297877830214355,-10.95811613835019,1.7914567219413255,C,24C,-1.0781958716316549,0.12655149197671128,0.860540457881069,0.02563359244052804
27,hiv_wt,-12.961329284157197,0.1200546596312251,-10.127056924457522,0.8265934032394847,A,27A,1.643383734126276,0.07557124086265894,0.05876126734798294,0.0070545639509615125
27,hiv_wt,-13.131551243970286,0.050185120089014,-10.127056924457522,0.8265934032394847,A,27A,1.749999135437152,0.03128450779795957,0.04956381144478319,0.0024873658294256905
30,hiv_wt,-13.987560751430976,0.2583471718334213,-10.95811613835019,1.7914567219413255,C,30C,1.765542676662509,0.16084232805132256,0.048342479452447316,0.012489142845955046
30,hiv_wt,-14.20045486235908,0.1878973508377524,-10.95811613835019,1.7914567219413255,C,30C,1.8974226853659018,0.11585300854762673,0.03907240857979665,0.007341602062994059
35,hiv_wt,-11.285247787707098,0.0269564411178412,-10.127056924457522,0.8265934032394847,A,35A,0.4628698222717223,0.02328358469222022,0.31405383357904126,0.008465773672705726
35,hiv_wt,-11.39814236674105,0.0404631056966064,-10.127056924457522,0.8265934032394847,A,35A,0.5580314863129345,0.03332130577840557,0.2805269606375042,0.011350992059023075
37,hiv_wt,-15.472840924575245,0.9142360051676116,-10.95811613835019,1.7914567219413255,C,37C,2.668385022420534,0.5476661655097783,0.010946617372196755,0.01000779173645554
37,hiv_wt,-16.36584645760142,0.8156519308139439,-10.95811613835019,1.7914567219413255,C,37C,3.2013374583410124,0.4854371257756848,0.004481800933487297,0.00365558958492265
39,hiv_wt,-15.268914382694334,0.5857198254206235,-10.95811613835019,1.7914567219413255,C,39C,2.5460763987033843,0.35175168459257855,0.013422830618010183,0.007862018006231524
39,hiv_wt,-15.179461749194404,0.1712218839690074,-10.95811613835019,1.7914567219413255,C,39C,2.4923222641683767,0.10295769284416564,0.014678879150680606,0.0025133453427329164
41,hiv_wt,-14.940321075565787,0.6570844730466957,-10.95811613835019,1.7914567219413255,C,41C,2.3482456387537094,0.39670909741607213,0.01864448406522964,0.012251000987228934
41,hiv_wt,-15.087758334330587,0.4104465779035507,-10.95811613835019,1.7914567219413255,C,41C,2.4371410619503084,0.24715988509176573,0.0160886343708957,0.006603524920675586
44,hiv_wt,-14.555279502529142,0.6118436387810625,-10.95811613835019,1.7914567219413255,C,44C,2.11480369606556,0.3727212080780631,0.027401339931372996,0.016765335531088082
44,hiv_wt,-15.092488563002,0.2344498402785272,-10.95811613835019,1.7914567219413255,C,44C,2.4399893683976948,0.14116849211697813,0.016012711159950732,0.003754177573876639
45,hiv_wt,-14.22200596534936,0.2960225921555186,-10.95811613835019,1.7914567219413255,C,45C,1.9107048024728173,0.18236235091417743,0.03823936383699474,0.011319715605405182
45,hiv_wt,-14.718934005732931,0.1174107139975092,-10.95811613835019,1.7914567219413255,C,45C,2.2142811261142397,0.07122101693809849,0.023264705148302707,0.002731525642403749
61,hiv_wt,-11.29110758531384,0.092142600148128,-10.127056924457522,0.8265934032394847,A,61A,0.4679244492987172,0.07937569910430729,0.3122189230293458,0.02876866338337216
61,hiv_wt,-11.36465367657438,0.0231343441778366,-10.127056924457522,0.8265934032394847,A,61A,0.5302699024458523,0.01930747227201755,0.29008051630188236,0.0067108225034122875
62,hiv_wt,-12.03319334346308,0.1396743025741048,-10.127056924457522,0.8265934032394847,A,62A,1.034004864639286,0.09720476116278202,0.14865361380457867,0.020763089833274843
62,hiv_wt,-12.11564318946589,0.0371525878761834,-10.127056924457522,0.8265934032394847,A,62A,1.0909866817884775,0.025503491898479842,0.1368888132189938,0.0050857736623851225
64,hiv_wt,-12.650010435004637,0.0397908422688171,-10.95811613835019,1.7914567219413255,C,64C,0.8818217904200168,0.02889754536071257,0.18417032012828805,0.007328292158822261
64,hiv_wt,-12.944426910495892,0.1139566773270788,-10.95811613835019,1.7914567219413255,C,64C,1.0894243815722742,0.0782541350023965,0.13720065740150103,0.01563493104456594
2,hiv_gs,-11.806122576490022,0.041513489966389,-10.127056924457522,0.8265934032394847,A,2A,0.8724915910462114,0.030236724389849153,0.18654819556327165,0.0077442666447638505
2,hiv_gs,-11.926849013966446,0.0225749009476012,-10.127056924457522,0.8265934032394847,A,2A,0.9592742182322125,0.01602470590764473,0.1653332591675272,0.0037323819490510048
3,hiv_gs,-11.78842990472666,0.0265870220912657,-10.127056924457522,0.8265934032394847,A,3A,0.8595786040636988,0.01944449408029956,0.18987810216455822,0.005048293296896715
3,hiv_gs,-11.832663795062704,0.0800040410593965,-10.127056924457522,0.8265934032394847,A,3A,0.8917650443493839,0.05792373867587482,0.1816621073232453,0.014533702693225412
19,hiv_gs,-13.441758391502525,0.1087888240737624,-10.95811613835019,1.7914567219413255,C,19C,1.41989957388282,0.07032344222632848,0.08343876636017473,0.009077205274488813
19,hiv_gs,-13.661980859889889,0.6214098027620364,-10.95811613835019,1.7914567219413255,C,19C,1.5609443868049049,0.3945924539912775,0.06694628339435103,0.04160107675973507
20,hiv_gs,-12.618803617444724,0.0299824498628479,-10.127056924457522,0.8265934032394847,A,20A,1.425136532158904,0.019367071273800152,0.08276527472089733,0.002481505699704137
20,hiv_gs,-12.942892606803152,0.5792940147456235,-10.127056924457522,0.8265934032394847,A,20A,1.6317716068175396,0.3650743957206486,0.05985467833609441,0.03467345691462403
22,hiv_gs,-11.708152855823904,0.0094810084266631,-10.127056924457522,0.8265934032394847,A,22A,0.8002928668411088,0.007072522725476247,0.2057494872836907,0.0019507126227182837
22,hiv_gs,-11.783936805722044,0.065070999950653,-10.127056924457522,0.8265934032394847,A,22A,0.8562908292694599,0.04764014334967108,0.1907331627738864,0.012411197625447455
24,hiv_gs,-11.009497173753784,0.0176887405586464,-10.95811613835019,1.7914567219413255,C,24C,-1.743496941524898,0.20925741780091425,0.9499166496914326,0.01680282916873035
24,hiv_gs,-11.076346126954173,0.0566173603497737,-10.95811613835019,1.7914567219413255,C,24C,-1.2296587513621304,0.30082899419934905,0.8884916861519916,0.05030405396264535
27,hiv_gs,-13.112779150239408,0.0500716282142179,-10.127056924457522,0.8265934032394847,A,27A,1.7382911797322562,0.03124463438860687,0.05050301579445237,0.0025287682305565936
27,hiv_gs,-13.349296361923829,0.1234503872453116,-10.127056924457522,0.8265934032394847,A,27A,1.8850248454844913,0.07617944184622501,0.039865681520379545,0.004921433821489117
29,hiv_gs,-13.870278077214186,0.2636188825639911,-10.95811613835019,1.7914567219413255,C,29C,1.6922973624090838,0.16516846146360922,0.05435808388917224,0.01432981733318327
29,hiv_gs,-14.416915053016432,0.5378512610986046,-10.95811613835019,1.7914567219413255,C,29C,2.0303426166196132,0.3290222979039604,0.03146753452403188,0.016924853127414423
33,hiv_gs,-11.094048187306502,0.0241397232746296,-10.95811613835019,1.7914567219413255,C,33C,-1.1416381307280035,0.11253061849407897,0.872901945071726,0.02107161139991739
33,hiv_gs,-11.18228824061708,0.0292872384771901,-10.95811613835019,1.7914567219413255,C,33C,-0.8183177887643316,0.08640593122848982,0.7991775822596355,0.023405704437262153
37,hiv_gs,-15.244185443256344,0.8174980961860877,-10.95811613835019,1.7914567219413255,C,37C,2.5312230140498997,0.4911124865869649,0.013758901191889149,0.011247875529981872
37,hiv_gs,-16.309457210300803,2.3964122350910335,-10.95811613835019,1.7914567219413255,C,37C,3.167772926085205,1.4266028302907543,0.004741787655093874,0.01136327795287058
39,hiv_gs,-15.232556768694652,0.7303153217767263,-10.95811613835019,1.7914567219413255,C,39C,2.5242365116908205,0.43880898442476524,0.013919832873744402,0.010165867224266895
39,hiv_gs,-15.613919436466432,0.6846315052330008,-10.95811613835019,1.7914567219413255,C,39C,2.7528341167162806,0.4095269381538852,0.009506273802162882,0.006508294542331815
41,hiv_gs,-14.094036713824975,0.0934708589594519,-10.95811613835019,1.7914567219413255,C,41C,1.8316602239424846,0.057896231616693127,0.043459727449246956,0.004062218054824782
41,hiv_gs,-15.011114860755676,1.4476937865233908,-10.95811613835019,1.7914567219413255,C,41C,2.390958725153023,0.872899221373715,0.01737020802998731,0.025146742235631337
44,hiv_gs,-14.205520772398122,0.3761751161855143,-10.95811613835019,1.7914567219413255,C,44C,1.9005458831122348,0.23189292574419956,0.03887497179366335,0.014623797031189902
44,hiv_gs,-15.996302904708973,9.720868489931792,-10.95811613835019,1.7914567219413255,C,44C,2.9811947587291434,5.797065129168448,0.006485497385207534,0.06304466717339895
45,hiv_gs,-14.0535604030854,0.3399325287589236,-10.95811613835019,1.7914567219413255,C,45C,1.8065656353299178,0.2109514966938254,0.045254902836161764,0.015383613559835852
45,hiv_gs,-14.912663017786716,4.733187653468855,-10.95811613835019,1.7914567219413255,C,45C,2.3315428948167645,2.859144680513732,0.019167351703441315,0.09072267243242366
61,hiv_gs,-11.510914332221462,0.0995022715055256,-10.127056924457522,0.8265934032394847,A,61A,0.6489853193832261,0.07866877975029922,0.2506099812850806,0.02493626239982278
62,hiv_gs,-12.35851711256548,0.0515184793710425,-10.127056924457522,0.8265934032394847,A,62A,1.2548092720587223,0.0341955525587592,0.10737153297840232,0.00553161810678503
62,hiv_gs,-12.37835660331532,0.0832065097409349,-10.127056924457522,0.8265934032394847,A,62A,1.2679622114770108,0.05509838951057098,0.10526232839786803,0.008758510953190694
64,hiv_gs,-13.0204792227693,0.0313009742842923,-10.95811613835019,1.7914567219413255,C,64C,1.141344004157568,0.021246975896527662,0.12715314098645167,0.003980017196183917
64,hiv_gs,-12.977654034424589,0.0353419072228074,-10.95811613835019,1.7914567219413255,C,64C,1.112182061243151,0.024143840947647193,0.13271677985709623,0.00469046412061925
2,hiv_a35g,-11.847298488638495,0.0418355114466071,-10.127056924457522,0.8265934032394847,A,2A,0.9023436203443918,0.030191963710311475,0.1790228971682584,0.007489514463687439
2,hiv_a35g,-11.889882760249504,0.0518121486118917,-10.127056924457522,0.8265934032394847,A,2A,0.9329361156479822,0.03705506165140716,0.1715593795614973,0.008888860069604234
3,hiv_a35g,-11.92369054536977,0.0423746619956872,-10.127056924457522,0.8265934032394847,A,3A,0.9570314891634454,0.03009834998301306,0.16585628461952168,0.007028104000612725
3,hiv_a35g,-11.882689281542415,0.0504940200037081,-10.127056924457522,0.8265934032394847,A,3A,0.927787631754612,0.03616643171904221,0.17279793773542146,0.008725262524611877
19,hiv_a35g,-13.70999409186216,0.3482353698574209,-10.95811613835019,1.7914567219413255,C,19C,1.591381006686578,0.22038662799554287,0.06380792031220345,0.022220174729753007
19,hiv_a35g,-13.549364695503698,0.4030337747606272,-10.95811613835019,1.7914567219413255,C,19C,1.4891318514939262,0.2581323842361163,0.07492643172747489,0.030197882608468625
20,hiv_a35g,-12.65910802290821,0.1236000513055971,-10.127056924457522,0.8265934032394847,A,20A,1.4511244384155415,0.07955549808686607,0.0794957992412448,0.009825684864797304
20,hiv_a35g,-12.891624192461922,0.2854666018408258,-10.127056924457522,0.8265934032394847,A,20A,1.5994081973277976,0.18050722647032624,0.06300335701836872,0.01798535423259806
22,hiv_a35g,-11.662522920704658,0.0427396087212982,-10.127056924457522,0.8265934032394847,A,22A,0.7660485007940053,0.03227266474123175,0.21535531301597063,0.009204201814355282
22,hiv_a35g,-11.66152936747151,0.0049842048860096,-10.127056924457522,0.8265934032394847,A,22A,0.7652981667246579,0.0037645985887375085,0.21556938631249095,0.0010744419885328083
24,hiv_a35g,-11.009984906001067,0.0560907320403554,-10.95811613835019,1.7914567219413255,C,24C,-1.737753599439007,0.657471570236638,0.9494534576751708,0.05325553947924692
24,hiv_a35g,-11.01270652296296,0.0518158020205776,-10.95811613835019,1.7914567219413255,C,24C,-1.7066399561536085,0.5778613120341999,0.9468729222476079,0.04906297987782782
27,hiv_a35g,-13.155227211616698,0.0908056933230275,-10.127056924457522,0.8265934032394847,A,27A,1.764749278447068,0.056537662605555254,0.048404122795641616,0.004395369930151197
27,hiv_a35g,-13.198061105171844,0.1600457608520131,-10.127056924457522,0.8265934032394847,A,27A,1.7913900195375703,0.09943600589264943,0.04637456302621124,0.0074220522237096135
29,hiv_a35g,-16.72982532421597,3.071218864349075,-10.95811613835019,1.7914567219413255,C,29C,3.417802694517817,1.8253358347646456,0.0031144298230213136,0.00956509562415441
37,hiv_a35g,-16.155820224002234,2.0868008388412655,-10.95811613835019,1.7914567219413255,C,37C,3.07627635923614,1.2432724474438546,0.005529244530819159,0.0115384321250719
39,hiv_a35g,-15.090988293997448,0.6488553272848898,-10.95811613835019,1.7914567219413255,C,39C,2.439086005445565,0.39070261715530713,0.0160367525639601,0.010405532333475126
41,hiv_a35g,-16.065890480684168,0.767201672281594,-10.95811613835019,1.7914567219413255,C,41C,3.022684282160169,0.45732202853152887,0.006049532138954071,0.004641211173526811
41,hiv_a35g,-15.330597978343103,1.1940804566973189,-10.95811613835019,1.7914567219413255,C,41C,2.5831050127237725,0.7165170594685234,0.012619881143836801,0.015069153439698531
44,hiv_a35g,-15.65941029000773,3.3157814527976193,-10.95811613835019,1.7914567219413255,C,44C,2.780039591602217,1.9825592117717445,0.009083514046989014,0.030118947403232815
45,hiv_a35g,-14.645598757258083,1.6094793104924483,-10.95811613835019,1.7914567219413255,C,45C,2.1697562980240725,0.9780784077611614,0.02503494528086843,0.04029322646886829
61,hiv_a35g,-11.545236936869989,0.0366731515213022,-10.127056924457522,0.8265934032394847,A,61A,0.6759687402858902,0.028671128316692204,0.24215433397178657,0.008880562581287344
61,hiv_a35g,-11.562508084860845,0.0326405189774863,-10.127056924457522,0.8265934032394847,A,61A,0.6894344415730752,0.025379551531196504,0.2380079600210571,0.007768703335860115
62,hiv_a35g,-12.33763951992082,0.1006315084960366,-10.127056924457522,0.8265934032394847,A,62A,1.240934152701575,0.06696441554008074,0.10963675602890893,0.01103291214580104
62,hiv_a35g,-12.428371699741128,0.0568365047264326,-10.127056924457522,0.8265934032394847,A,62A,1.3009861629142276,0.03742170045588111,0.10012711249057446,0.005690875102314584
64,hiv_a35g,-12.82798608534315,0.1244772064080524,-10.95811613835019,1.7914567219413255,C,64C,1.0086843841261555,0.08719078172176668,0.15414370736427022,0.01918737807808469
64,hiv_a35g,-12.800719727203251,0.0349935823110517,-10.95811613835019,1.7914567219413255,C,64C,0.9895374602635427,0.024635552451784486,0.1584044686456337,0.005543139811989391
2,hiv_c30u,-11.737642372637133,0.0289217217881812,-10.127056924457522,0.8265934032394847,A,2A,0.8222082950722701,0.021413466442999032,0.19977062448437038,0.00577771042278818
2,hiv_c30u,-11.857744127761944,0.0199134043728755,-10.127056924457522,0.8265934032394847,A,2A,0.9098735143676503,0.014338668484422118,0.1771626213890745,0.0035279109194792826
3,hiv_c30u,-11.800295444190551,0.0559538022061417,-10.127056924457522,0.8265934032394847,A,3A,0.8682445028279632,0.04080914963317479,0.18763840990575728,0.010499082474141682
3,hiv_c30u,-11.913594121155818,0.0120133859248726,-10.127056924457522,0.8265934032394847,A,3A,0.9498528554278689,0.008550254137178052,0.1675393220605087,0.0020127145335044126
19,hiv_c30u,-13.863986245754283,0.2871718776113572,-10.95811613835019,1.7914567219413255,C,19C,1.6883545473914219,0.1799907191087211,0.0547011739922091,0.01570863884288823
19,hiv_c30u,-14.052683281950172,0.7862314609823353,-10.95811613835019,1.7914567219413255,C,19C,1.8060213100647666,0.4879309518850078,0.045294614281240014,0.03561205076097069
20,hiv_c30u,-13.125526142880098,0.241356159504653,-10.127056924457522,0.8265934032394847,A,20A,1.7462426036278147,0.150504551635527,0.04986333985751717,0.012034824208085635
20,hiv_c30u,-13.19746317890909,0.0708472576677698,-10.127056924457522,0.8265934032394847,A,20A,1.7910185241374323,0.04401849321958889,0.04640229988684072,0.00328747569646013
22,hiv_c30u,-11.774264059646187,0.0426455581334363,-10.127056924457522,0.8265934032394847,A,22A,0.8492010538466681,0.031293591055292024,0.1925870277539928,0.00821298128782861
22,hiv_c30u,-11.88828388913844,0.0547628585542172,-10.127056924457522,0.8265934032394847,A,22A,0.9317924440388297,0.0391783357329516,0.17183390030046786,0.009410115576973981
24,hiv_c30u,-11.145034897763471,0.0355406698125409,-10.95811613835019,1.7914567219413255,C,24C,-0.9374098191282881,0.12351135401673402,0.8295111236184504,0.02948138095035314
24,hiv_c30u,-11.21254289300056,0.0200038089358172,-10.95811613835019,1.7914567219413255,C,24C,-0.7339899991491156,0.052759972339238036,0.7753608425869664,0.01551017015142391
27,hiv_c30u,-13.626375739244834,0.0753333791805383,-10.127056924457522,0.8265934032394847,A,27A,2.055113962788694,0.046024664878145015,0.030217960440952395,0.002276421071960773
27,hiv_c30u,-13.737969329188331,0.0225666936628659,-10.127056924457522,0.8265934032394847,A,27A,2.1231776840446575,0.013741829194745208,0.027027175889961712,0.0006099139988811611
29,hiv_c30u,-15.036854416629556,0.4396177248107396,-10.95811613835019,1.7914567219413255,C,29C,2.4064751085562275,0.26495221166068683,0.0169288116328718,0.007442205653792681
29,hiv_c30u,-15.042617739029083,0.3020259752006831,-10.95811613835019,1.7914567219413255,C,29C,2.409948420266905,0.18200933967048352,0.016831526046974285,0.005083558068453107
35,hiv_c30u,-12.578125435863589,0.0300043351306355,-10.127056924457522,0.8265934032394847,A,35A,1.3988115799069125,0.01945408712148857,0.08620143006179588,0.002586416596314161
35,hiv_c30u,-12.630711710624272,0.0434927616817315,-10.127056924457522,0.8265934032394847,A,35A,1.4328244150518252,0.02806403942262839,0.08178554306278206,0.0035570791334405692
37,hiv_c30u,-15.745083790965218,0.4024112103297251,-10.95811613835019,1.7914567219413255,C,37C,2.8312456168919042,0.24042719600445087,0.00833770189605221,0.003355184711358813
37,hiv_c30u,-15.885602493158697,1.1936973192502252,-10.95811613835019,1.7914567219413255,C,37C,2.915153510808924,0.7124088783557441,0.007244690995754947,0.008647968220428924
39,hiv_c30u,-14.944998465409276,0.0935442937597191,-10.95811613835019,1.7914567219413255,C,39C,2.3510694473593627,0.0564715559647292,0.01855748017899512,0.0017359463773040837
39,hiv_c30u,-14.984611705013377,0.422449908421077,-10.95811613835019,1.7914567219413255,C,39C,2.37497464518793,0.25484073771511856,0.017836728179440223,0.007535124185936166
41,hiv_c30u,-14.77515416711688,0.4922854555485433,-10.95811613835019,1.7914567219413255,C,41C,2.2483617295795333,0.2982306646628943,0.021992846694058744,0.010826758553593984
41,hiv_c30u,-14.774057469264436,0.479020274589645,-10.95811613835019,1.7914567219413255,C,41C,2.2476973326114886,0.2902016674455567,0.02201697943253966,0.010546579533409714
44,hiv_c30u,-14.80245453276226,1.7061219840305066,-10.95811613835019,1.7914567219413255,C,44C,2.264895491656185,1.0329574615070807,0.021400555605616833,0.03651195838921017
44,hiv_c30u,-14.659439354040217,0.8622697426867475,-10.95811613835019,1.7914567219413255,C,44C,2.1781657226546365,0.5238152810491469,0.024690833546865874,0.02129015868917735
45,hiv_c30u,-14.310997444166324,1.28770027391138,-10.95811613835019,1.7914567219413255,C,45C,1.9654333305435718,0.7906009498758562,0.03498341084135457,0.04504814772276662
45,hiv_c30u,-14.598587294107103,0.6837681312106388,-10.95811613835019,1.7914567219413255,C,45C,2.1411699639990935,0.41603918589463285,0.026239977936087847,0.017942060676367184
61,hiv_c30u,-11.381498780240436,0.0373202695098798,-10.127056924457522,0.8265934032394847,A,61A,0.5442806026941585,0.030935619667633262,0.2852350060729553,0.010645047300294894
61,hiv_c30u,-11.435822193228178,0.014138155672536,-10.127056924457522,0.8265934032394847,A,61A,0.5888378144155412,0.01147726748657596,0.2701534173978826,0.00381947107063886
62,hiv_c30u,-11.829175879344447,0.0431847750508738,-10.127056924457522,0.8265934032394847,A,62A,0.8892387786450038,0.031290485829950435,0.18229683573891337,0.007872447843871064
62,hiv_c30u,-11.90680543876244,0.0162145389722831,-10.127056924457522,0.8265934032394847,A,62A,0.9450178539528595,0.01155617188338082,0.16868056268349013,0.0027350775574980926
64,hiv_c30u,-13.212068397913292,0.0800342951221948,-10.95811613835019,1.7914567219413255,C,64C,1.2697184460024142,0.05298127391451111,0.10498348157192108,0.008402278947082632
64,hiv_c30u,-13.242014344276718,0.1156586230048427,-10.95811613835019,1.7914567219413255,C,64C,1.2895077358377034,0.07629990526530624,0.10188625796175992,0.011784024298973343
2,hiv_es2,-11.817343096485898,0.0961035799459886,-10.127056924457522,0.8265934032394847,A,2A,0.8806537001421924,0.06981925401720288,0.18446672722137317,0.017727912866894107
2,hiv_es2,-11.974854437057312,0.0526827866487863,-10.127056924457522,0.8265934032394847,A,2A,0.9931922099891745,0.037052659306533106,0.15758386084629822,0.008301956920257557
3,hiv_es2,-11.998952439562498,0.034052399605527,-10.127056924457522,0.8265934032394847,A,3A,1.010102943445393,0.023843408608068294,0.1538317947926908,0.005238341748316134
3,hiv_es2,-12.043424544713591,0.045452559278705,-10.127056924457522,0.8265934032394847,A,3A,1.041118823216471,0.031576075683007576,0.14714046264154487,0.006687910600510897
19,hiv_es2,-14.72287310489467,0.1381194729696615,-10.95811613835019,1.7914567219413255,C,19C,2.2166704609163013,0.08377504859080878,0.023173243424418666,0.0032006761687783805
19,hiv_es2,-14.559526209788304,0.2883316156578085,-10.95811613835019,1.7914567219413255,C,19C,2.1173905388676535,0.1756240848054878,0.027285221197822136,0.007867191911548742
20,hiv_es2,-13.141846400640771,0.0977813825165181,-10.127056924457522,0.8265934032394847,A,20A,1.7564152360032868,0.06092262779515139,0.04905616189043796,0.0047967793306011525
20,hiv_es2,-13.271557164398583,0.0867809234759628,-10.127056924457522,0.8265934032394847,A,20A,1.8369734705788816,0.053731602695174144,0.04308845255442689,0.0037392557038233745
22,hiv_es2,-12.475245313946209,0.0469626611589859,-10.127056924457522,0.8265934032394847,A,22A,1.3317692316076495,0.03076391907853941,0.09554209058440484,0.004486910826536542
22,hiv_es2,-12.579810440208938,0.1855682368713753,-10.127056924457522,0.8265934032394847,A,22A,1.3999040093073685,0.1202988628313044,0.08605630258212103,0.01596931634183378
24,hiv_es2,-11.876217214546926,0.0428901717434534,-10.95811613835019,1.7914567219413255,C,24C,0.2420185665472209,0.0423019608561322,0.3992765173449181,0.017125038402051488
24,hiv_es2,-11.91899706750497,0.0623136498392201,-10.95811613835019,1.7914567219413255,C,24C,0.2836311120138298,0.059794708064135955,0.3825557329944477,0.023838443989802192
27,hiv_es2,-12.935638410245904,0.0859828023615081,-10.127056924457522,0.8265934032394847,A,27A,1.6271989121588257,0.054211981334457454,0.06029045463006136,0.005183942244742037
27,hiv_es2,-12.942544881799565,0.0079945475920389,-10.127056924457522,0.8265934032394847,A,27A,1.6315524661088912,0.0050383210973394005,0.05987549492334775,0.0004786774937615871
29,hiv_es2,-16.32511894554452,0.6420159162706666,-10.95811613835019,1.7914567219413255,C,29C,3.177096132782225,0.3821687705025394,0.004668101564477689,0.0029969955031626753
30,hiv_es2,-15.556904272880208,0.331016282176774,-10.95811613835019,1.7914567219413255,C,30C,2.718719765878894,0.1981160096954528,0.01006402460141803,0.0033313560072969857
30,hiv_es2,-15.153679275837067,0.2543327449285422,-10.95811613835019,1.7914567219413255,C,30C,2.476815961784871,0.15299273969957444,0.015062257951250907,0.0038308254095634035
53,hiv_es2,-11.57463815924412,0.0861166469264413,-10.95811613835019,1.7914567219413255,C,53C,-0.09456807327701777,0.1108754575094883,0.5398186544631467,0.04648737247070942
53,hiv_es2,-11.532919746635732,0.0249294243700694,-10.95811613835019,1.7914567219413255,C,53C,-0.14965939757686708,0.033785061080202565,0.5628153902332654,0.014030663705131287
35,hiv_es2,-12.824144825330606,0.0428401705168553,-10.127056924457522,0.8265934032394847,A,35A,1.5566400869953918,0.027216595852850595,0.06740150709370872,0.0028874920569875134
35,hiv_es2,-12.804343625759245,0.0679314720124087,-10.127056924457522,0.8265934032394847,A,35A,1.5440512062024485,0.043219705274058405,0.06874943908023241,0.004670250596747605
37,hiv_es2,-16.414934514103287,1.0305940168132095,-10.95811613835019,1.7914567219413255,C,37C,3.230549152752056,0.6132281565402529,0.0042671105125629775,0.004397658563328152
37,hiv_es2,-15.640092623167078,0.4746389720409056,-10.95811613835019,1.7914567219413255,C,37C,2.768488217606408,0.28384504910538316,0.009260692169264263,0.004395485411606854
39,hiv_es2,-14.986587852909402,0.097837479436713,-10.95811613835019,1.7914567219413255,C,39C,2.3761667248809233,0.05901784106548269,0.017801514971289484,0.0017416553549458736
39,hiv_es2,-14.787744536287873,0.1834698254798951,-10.95811613835019,1.7914567219413255,C,39C,2.255988005968045,0.1111162990452423,0.02171768446689414,0.003984539778968496
41,hiv_es2,-15.35680067828331,0.679454437781934,-10.95811613835019,1.7914567219413255,C,41C,2.5988255326777185,0.40757707756399597,0.01229350088066832,0.008352873729246204
44,hiv_es2,-14.773022385587478,0.4140403229358024,-10.95811613835019,1.7914567219413255,C,44C,2.2470702474419704,0.25084114369847477,0.02203978064711296,0.009125357896564898
45,hiv_es2,-16.31365470624968,1.504516047161272,-10.95811613835019,1.7914567219413255,C,45C,3.1702717030988623,0.8956322233905738,0.00472192573494807,0.007104213041733155
45,hiv_es2,-15.175503398949829,0.4317954362419367,-10.95811613835019,1.7914567219413255,C,45C,2.4899419922551624,0.25965891634086075,0.014737098445719597,0.006363411852309861
61,hiv_es2,-11.366156349912796,0.0668235592972818,-10.127056924457522,0.8265934032394847,A,61A,0.5315236196309667,0.0557354424723116,0.28964494738490126,0.019355106316733015
61,hiv_es2,-11.507530977427804,0.0664304581394876,-10.127056924457522,0.8265934032394847,A,61A,0.6463088452711971,0.052581038932687306,0.25145931976310143,0.016704557815306737
62,hiv_es2,-12.17518917123476,0.1286960577244394,-10.127056924457522,0.8265934032394847,A,62A,1.1316740940393737,0.08754114689816779,0.12897557330471732,0.016598647827066566
62,hiv_es2,-12.316275647796964,0.1189083305240462,-10.127056924457522,0.8265934032394847,A,62A,1.2266988717330292,0.07933753501477511,0.11200422072645842,0.013318234898229944
64,hiv_es2,-13.169104371802089,0.1278389100094605,-10.95811613835019,1.7914567219413255,C,64C,1.2412040744483153,0.08506511062981309,0.10959229221443262,0.01401015918213135
64,hiv_es2,-13.166490943862176,0.0943954722198484,-10.95811613835019,1.7914567219413255,C,64C,1.2394647970216834,0.06283179650261415,0.10987907835713476,0.01037208748860346
