,nt_base,nt_site,construct_name,parameter,value,kobs
0,,5,4U_wt,log_kobs,-33.71710707706654,2.274293188699845e-15
1,,6,4U_wt,log_kobs,-7.863986802665936,0.0003843385309761753
2,A,7,4U_wt,log_kobs,-3.7822097193332755,0.02277231536159256
3,A,8,4U_wt,log_kobs,-3.691202442290462,0.024941992696811858
4,C,9,4U_wt,log_kobs,-4.262243199374318,0.014090658774993941
5,,10,4U_wt,log_kobs,-30.47445123791523,5.822560212094195e-14
6,,11,4U_wt,log_kobs,-38.182514303391564,2.6154398276587734e-17
7,,12,4U_wt,log_kobs,-42.459778224976375,3.630384414243603e-19
8,,13,4U_wt,log_kobs,-49.44684456187811,3.3535768209572565e-22
9,,14,4U_wt,log_kobs,-31.75030588613755,1.625613715858018e-14
10,A,15,4U_wt,log_kobs,-4.885612277321405,0.007554496898598669
11,A,16,4U_wt,log_kobs,-5.032216043601378,0.0065243363249266806
12,,17,4U_wt,log_kobs,-31.081370500077945,3.173454689326285e-14
13,A,18,4U_wt,log_kobs,-2.7509738340922283,0.06386563637926801
14,,19,4U_wt,log_kobs,-6.859583289957511,0.0010493511166803874
15,,20,4U_wt,log_kobs,-8.771760085264834,0.00015505043835068954
16,,21,4U_wt,log_kobs,-7.384300695878811,0.000620924727036763
17,A,22,4U_wt,log_kobs,-4.398397124126563,0.012297034734957803
18,,23,4U_wt,log_kobs,-39.967458409132206,4.388876469183739e-18
19,,24,4U_wt,log_kobs,-41.97057324258465,5.921226013339547e-19
20,C,25,4U_wt,log_kobs,-6.795772911018644,0.0011184931391593183
21,A,26,4U_wt,log_kobs,-5.363759184308955,0.00468326770887298
22,,27,4U_wt,log_kobs,-7.873879644699168,0.0003805550760197047
23,,28,4U_wt,log_kobs,-9.403123030704101,8.246611875747082e-05
24,A,29,4U_wt,log_kobs,-5.38730752908114,0.004574272866908828
25,,30,4U_wt,log_kobs,-39.08163607307909,1.0642927646522552e-17
26,,31,4U_wt,log_kobs,-7.6208619990419155,0.0004901191667188346
27,,32,4U_wt,log_kobs,-27.591225473379566,1.0405980984872546e-12
28,,33,4U_wt,log_kobs,-7.9635488745468015,0.00034791621295597575
29,A,34,4U_wt,log_kobs,-4.773233835013678,0.008453000304491169
30,A,35,4U_wt,log_kobs,-4.563172005003676,0.010428925817111783
31,,36,4U_wt,log_kobs,-8.547688336060446,0.000193993028316329
32,,61,4U_wt,log_kobs,-7.2254564902683995,0.0007278202203973513
33,,6,4U_wt,log_kobs,-6.453044090049804,0.0015757182324458358
34,,14,4U_wt,log_kobs,-6.135239931347298,0.0021652056548475645
35,,19,4U_wt,log_kobs,-4.859295900689456,0.007755942923125629
36,,21,4U_wt,log_kobs,-6.595403206706547,0.0013666357629017758
37,,27,4U_wt,log_kobs,-6.516873164835443,0.0014782842343424357
38,,28,4U_wt,log_kobs,-6.46084527163914,0.0015634735918125127
39,,30,4U_wt,log_kobs,-6.1476770889813865,0.0021384434188526386
40,,31,4U_wt,log_kobs,-5.876701657722977,0.0028040186525134718
41,,61,4U_wt,log_kobs,-6.3199947594185035,0.0017999529390059416
42,,5,4U_wt,log_kobs,-8.636087712264738,0.00017758029018289035
43,,6,4U_wt,log_kobs,-8.13554672785368,0.00029293883416569373
44,A,7,4U_wt,log_kobs,-3.798009849800944,0.022415337383565583
45,A,8,4U_wt,log_kobs,-3.708979684431496,0.024502510815147215
46,C,9,4U_wt,log_kobs,-4.246217584653951,0.014318289331820642
47,,10,4U_wt,log_kobs,-47.12193726782387,3.429277799926942e-21
48,,11,4U_wt,log_kobs,-50.29640862837151,1.4339937984223865e-22
49,,12,4U_wt,log_kobs,-31.514357355514438,2.0582043880507452e-14
50,,13,4U_wt,log_kobs,-8.2132260271784,0.00027104491110557756
51,,14,4U_wt,log_kobs,-33.14885934729665,4.014517025415922e-15
52,A,15,4U_wt,log_kobs,-4.878999375478776,0.007604619590623493
53,A,16,4U_wt,log_kobs,-5.145277839213481,0.005826855210217082
54,,17,4U_wt,log_kobs,-46.51020927445349,6.322265938171764e-21
55,A,18,4U_wt,log_kobs,-2.7629725710698203,0.06310390843188061
56,,19,4U_wt,log_kobs,-7.156016779116289,0.0007801559057272664
57,,20,4U_wt,log_kobs,-9.301235912292489,9.131130894220718e-05
58,,21,4U_wt,log_kobs,-7.150465054789445,0.000784499161371315
59,A,22,4U_wt,log_kobs,-4.5204468990672275,0.010884158461243229
60,,23,4U_wt,log_kobs,-8.150480614289147,0.0002885966226307459
61,,24,4U_wt,log_kobs,-41.21490079892396,1.2606543038744377e-18
62,C,25,4U_wt,log_kobs,-6.546861536982164,0.0014346110138821907
63,A,26,4U_wt,log_kobs,-5.291885476115227,0.0050322630972926136
64,,27,4U_wt,log_kobs,-7.590311382034058,0.0005053236807483065
65,,28,4U_wt,log_kobs,-9.019638503170874,0.00012100986301475344
66,A,29,4U_wt,log_kobs,-5.357994531206083,0.004710343087706855
67,,30,4U_wt,log_kobs,-55.52936215088488,7.654281572591979e-25
68,,31,4U_wt,log_kobs,-8.01589535692935,0.00033017248543146206
69,,32,4U_wt,log_kobs,-6.96785277655802,0.000941672718301128
70,,33,4U_wt,log_kobs,-6.889511501218667,0.0010184112121389745
71,A,34,4U_wt,log_kobs,-4.80181516561843,0.008214822244721974
72,A,35,4U_wt,log_kobs,-4.569718998514919,0.01036087072865682
73,,36,4U_wt,log_kobs,-7.135976385886485,0.0007959482507240173
74,,61,4U_wt,log_kobs,-7.778426203474839,0.00041867055866426595
75,,6,4U_wt,log_kobs,-6.687614892951157,0.0012462516746334468
76,,14,4U_wt,log_kobs,-6.287964890261405,0.0018585384303963278
77,,19,4U_wt,log_kobs,-5.017716879281907,0.006619622867696457
78,,21,4U_wt,log_kobs,-6.754634783778237,0.0011654654034737564
79,,27,4U_wt,log_kobs,-6.704574231827492,0.0012252942842110777
80,,28,4U_wt,log_kobs,-6.714224615982668,0.0012135265963463943
81,,30,4U_wt,log_kobs,-6.260174362319768,0.001910912576433257
82,,31,4U_wt,log_kobs,-5.96962294387748,0.002555204692951182
83,,61,4U_wt,log_kobs,-6.5101468678641075,0.00148826112927433
