site,disp_name,lnkobs,lnkobs_err,lnkadd,lnkadd_err,base
2,hiv_wt,-11.837019386592948,0.0857014507084829,-10.127056924457522,0.8265934032394847,A
2,hiv_wt,-11.839907336841295,0.0368356132790398,-10.127056924457522,0.8265934032394847,A
3,hiv_wt,-11.776644859413684,0.0366956676829861,-10.127056924457522,0.8265934032394847,A
3,hiv_wt,-11.86437916300051,0.0411339251549006,-10.127056924457522,0.8265934032394847,A
17,hiv_wt,-14.930714327769532,0.1189787097747929,-14.484437473821146,0.610870006974812,G
17,hiv_wt,-15.263365734139585,0.0619093326775594,-14.484437473821146,0.610870006974812,G
18,hiv_wt,-14.699276784716934,0.0961777800599888,-14.484437473821146,0.610870006974812,G
18,hiv_wt,-15.048077738131488,0.0718222506770881,-14.484437473821146,0.610870006974812,G
19,hiv_wt,-14.191251083314292,0.1777593346723482,-10.95811613835019,1.7914567219413255,C
19,hiv_wt,-14.097935785785538,0.1296175323721284,-10.95811613835019,1.7914567219413255,C
20,hiv_wt,-12.921433975463888,0.0494196506744363,-10.127056924457522,0.8265934032394847,A
20,hiv_wt,-12.928719710282795,0.0315465935867074,-10.127056924457522,0.8265934032394847,A
21,hiv_wt,-15.22385423004306,0.1905879469690656,-14.484437473821146,0.610870006974812,G
21,hiv_wt,-15.158179315364052,0.0420555484661151,-14.484437473821146,0.610870006974812,G
22,hiv_wt,-11.775120900646003,0.0553279771147055,-10.127056924457522,0.8265934032394847,A
22,hiv_wt,-11.852982948094642,0.0567967234909144,-10.127056924457522,0.8265934032394847,A
24,hiv_wt,-10.9514694334839,0.0204153465674552,-10.95811613835019,1.7914567219413255,C
24,hiv_wt,-11.108310786073528,0.0297877830214355,-10.95811613835019,1.7914567219413255,C
26,hiv_wt,-14.535946870552646,0.3958642629671272,-14.484437473821146,0.610870006974812,G
26,hiv_wt,-14.513610311827787,0.1728312513730603,-14.484437473821146,0.610870006974812,G
27,hiv_wt,-12.961329284157195,0.1200546596312251,-10.127056924457522,0.8265934032394847,A
27,hiv_wt,-13.131551243970286,0.050185120089014,-10.127056924457522,0.8265934032394847,A
28,hiv_wt,-14.454129865233979,0.2639438015309778,-14.484437473821146,0.610870006974812,G
28,hiv_wt,-14.640845941918567,0.1437768680801318,-14.484437473821146,0.610870006974812,G
30,hiv_wt,-13.987560751430975,0.2583471718334213,-10.95811613835019,1.7914567219413255,C
30,hiv_wt,-14.20045486235908,0.1878973508377524,-10.95811613835019,1.7914567219413255,C
32,hiv_wt,-15.014706484640875,0.1887936741537446,-14.484437473821146,0.610870006974812,G
32,hiv_wt,-15.334880734899803,0.2061043129815308,-14.484437473821146,0.610870006974812,G
33,hiv_wt,-15.419283608436702,0.1816829186157758,-14.484437473821146,0.610870006974812,G
33,hiv_wt,-15.596078260516151,0.1301949859937676,-14.484437473821146,0.610870006974812,G
34,hiv_wt,-15.351257593632738,0.1279978924994787,-14.484437473821146,0.610870006974812,G
34,hiv_wt,-15.384352491588707,0.2009226961926559,-14.484437473821146,0.610870006974812,G
35,hiv_wt,-11.285247787707098,0.0269564411178412,-10.127056924457522,0.8265934032394847,A
35,hiv_wt,-11.39814236674105,0.0404631056966064,-10.127056924457522,0.8265934032394847,A
36,hiv_wt,-14.499145053677976,0.1294791308210862,-14.484437473821146,0.610870006974812,G
36,hiv_wt,-14.58442589565604,0.1381750877196746,-14.484437473821146,0.610870006974812,G
37,hiv_wt,-15.472840924575245,0.9142360051676116,-10.95811613835019,1.7914567219413255,C
37,hiv_wt,-16.36584645760142,0.8156519308139439,-10.95811613835019,1.7914567219413255,C
39,hiv_wt,-15.268914382694334,0.5857198254206235,-10.95811613835019,1.7914567219413255,C
39,hiv_wt,-15.179461749194404,0.1712218839690074,-10.95811613835019,1.7914567219413255,C
41,hiv_wt,-14.940321075565787,0.6570844730466957,-10.95811613835019,1.7914567219413255,C
41,hiv_wt,-15.087758334330587,0.4104465779035507,-10.95811613835019,1.7914567219413255,C
43,hiv_wt,-14.527778845532925,0.1783551806581476,-14.484437473821146,0.610870006974812,G
43,hiv_wt,-14.819660031099998,0.1766872617885636,-14.484437473821146,0.610870006974812,G
44,hiv_wt,-14.555279502529142,0.6118436387810625,-10.95811613835019,1.7914567219413255,C
44,hiv_wt,-15.092488563002,0.2344498402785272,-10.95811613835019,1.7914567219413255,C
45,hiv_wt,-14.22200596534936,0.2960225921555186,-10.95811613835019,1.7914567219413255,C
45,hiv_wt,-14.718934005732933,0.1174107139975092,-10.95811613835019,1.7914567219413255,C
61,hiv_wt,-11.291107585313839,0.092142600148128,-10.127056924457522,0.8265934032394847,A
61,hiv_wt,-11.364653676574381,0.0231343441778366,-10.127056924457522,0.8265934032394847,A
62,hiv_wt,-12.03319334346308,0.1396743025741048,-10.127056924457522,0.8265934032394847,A
62,hiv_wt,-12.11564318946589,0.0371525878761834,-10.127056924457522,0.8265934032394847,A
64,hiv_wt,-12.650010435004635,0.0397908422688171,-10.95811613835019,1.7914567219413255,C
64,hiv_wt,-12.944426910495892,0.1139566773270788,-10.95811613835019,1.7914567219413255,C
2,hiv_gs,-11.806122576490022,0.041513489966389,-10.127056924457522,0.8265934032394847,A
2,hiv_gs,-11.926849013966446,0.0225749009476012,-10.127056924457522,0.8265934032394847,A
3,hiv_gs,-11.78842990472666,0.0265870220912657,-10.127056924457522,0.8265934032394847,A
3,hiv_gs,-11.832663795062704,0.0800040410593965,-10.127056924457522,0.8265934032394847,A
17,hiv_gs,-14.963129557785036,0.0851248037349841,-14.484437473821146,0.610870006974812,G
18,hiv_gs,-15.041483158489669,0.1045143196689266,-14.484437473821146,0.610870006974812,G
18,hiv_gs,-15.467091857502133,3.062911877202069,-14.484437473821146,0.610870006974812,G
19,hiv_gs,-13.441758391502523,0.1087888240737624,-10.95811613835019,1.7914567219413255,C
19,hiv_gs,-13.661980859889889,0.6214098027620364,-10.95811613835019,1.7914567219413255,C
20,hiv_gs,-12.618803617444723,0.0299824498628479,-10.127056924457522,0.8265934032394847,A
20,hiv_gs,-12.942892606803152,0.5792940147456235,-10.127056924457522,0.8265934032394847,A
21,hiv_gs,-15.077154511278238,0.1518503589870987,-14.484437473821146,0.610870006974812,G
21,hiv_gs,-15.79729420551751,2.9525445479528023,-14.484437473821146,0.610870006974812,G
22,hiv_gs,-11.708152855823903,0.0094810084266631,-10.127056924457522,0.8265934032394847,A
22,hiv_gs,-11.783936805722043,0.065070999950653,-10.127056924457522,0.8265934032394847,A
24,hiv_gs,-11.009497173753783,0.0176887405586464,-10.95811613835019,1.7914567219413255,C
24,hiv_gs,-11.076346126954173,0.0566173603497737,-10.95811613835019,1.7914567219413255,C
26,hiv_gs,-14.82995679282103,0.0170356600163863,-14.484437473821146,0.610870006974812,G
26,hiv_gs,-15.097158690394203,0.4828617474413311,-14.484437473821146,0.610870006974812,G
27,hiv_gs,-13.112779150239408,0.0500716282142179,-10.127056924457522,0.8265934032394847,A
27,hiv_gs,-13.349296361923829,0.1234503872453116,-10.127056924457522,0.8265934032394847,A
28,hiv_gs,-14.873643948756225,0.0727262536121686,-14.484437473821146,0.610870006974812,G
28,hiv_gs,-14.880237353549838,0.2972834515916744,-14.484437473821146,0.610870006974812,G
29,hiv_gs,-13.870278077214186,0.2636188825639911,-10.95811613835019,1.7914567219413255,C
29,hiv_gs,-14.416915053016432,0.5378512610986046,-10.95811613835019,1.7914567219413255,C
33,hiv_gs,-11.094048187306502,0.0241397232746296,-10.95811613835019,1.7914567219413255,C
33,hiv_gs,-11.18228824061708,0.0292872384771901,-10.95811613835019,1.7914567219413255,C
34,hiv_gs,-14.83660479303084,0.0392513168877288,-14.484437473821146,0.610870006974812,G
34,hiv_gs,-15.25254274914279,0.7463073165011528,-14.484437473821146,0.610870006974812,G
36,hiv_gs,-15.194624927482149,0.0624429276362874,-14.484437473821146,0.610870006974812,G
36,hiv_gs,-15.386369629692396,0.6589406090209894,-14.484437473821146,0.610870006974812,G
37,hiv_gs,-15.244185443256345,0.8174980961860877,-10.95811613835019,1.7914567219413255,C
37,hiv_gs,-16.309457210300803,2.3964122350910335,-10.95811613835019,1.7914567219413255,C
39,hiv_gs,-15.232556768694653,0.7303153217767263,-10.95811613835019,1.7914567219413255,C
39,hiv_gs,-15.613919436466432,0.6846315052330008,-10.95811613835019,1.7914567219413255,C
41,hiv_gs,-14.094036713824975,0.0934708589594519,-10.95811613835019,1.7914567219413255,C
41,hiv_gs,-15.011114860755677,1.4476937865233908,-10.95811613835019,1.7914567219413255,C
43,hiv_gs,-14.82823679075878,0.1445897135467874,-14.484437473821146,0.610870006974812,G
43,hiv_gs,-15.153666866868942,0.7655224023278322,-14.484437473821146,0.610870006974812,G
44,hiv_gs,-14.205520772398122,0.3761751161855143,-10.95811613835019,1.7914567219413255,C
44,hiv_gs,-15.996302904708973,9.720868489931792,-10.95811613835019,1.7914567219413255,C
45,hiv_gs,-14.053560403085399,0.3399325287589236,-10.95811613835019,1.7914567219413255,C
45,hiv_gs,-14.912663017786716,4.733187653468855,-10.95811613835019,1.7914567219413255,C
61,hiv_gs,-11.510914332221462,0.0995022715055256,-10.127056924457522,0.8265934032394847,A
62,hiv_gs,-12.358517112565481,0.0515184793710425,-10.127056924457522,0.8265934032394847,A
62,hiv_gs,-12.378356603315321,0.0832065097409349,-10.127056924457522,0.8265934032394847,A
64,hiv_gs,-13.0204792227693,0.0313009742842923,-10.95811613835019,1.7914567219413255,C
64,hiv_gs,-12.977654034424589,0.0353419072228074,-10.95811613835019,1.7914567219413255,C
2,hiv_a35g,-11.847298488638497,0.0418355114466071,-10.127056924457522,0.8265934032394847,A
2,hiv_a35g,-11.889882760249504,0.0518121486118917,-10.127056924457522,0.8265934032394847,A
3,hiv_a35g,-11.92369054536977,0.0423746619956872,-10.127056924457522,0.8265934032394847,A
3,hiv_a35g,-11.882689281542415,0.0504940200037081,-10.127056924457522,0.8265934032394847,A
17,hiv_a35g,-15.547538983530035,1.4396784601170014,-14.484437473821146,0.610870006974812,G
18,hiv_a35g,-15.761878858674823,2.1289066128881067,-14.484437473821146,0.610870006974812,G
19,hiv_a35g,-13.70999409186216,0.3482353698574209,-10.95811613835019,1.7914567219413255,C
19,hiv_a35g,-13.549364695503698,0.4030337747606272,-10.95811613835019,1.7914567219413255,C
20,hiv_a35g,-12.65910802290821,0.1236000513055971,-10.127056924457522,0.8265934032394847,A
20,hiv_a35g,-12.891624192461922,0.2854666018408258,-10.127056924457522,0.8265934032394847,A
21,hiv_a35g,-16.51181263420395,1.0535077488879276,-14.484437473821146,0.610870006974812,G
21,hiv_a35g,-15.723113622081222,0.7266674792401614,-14.484437473821146,0.610870006974812,G
22,hiv_a35g,-11.662522920704658,0.0427396087212982,-10.127056924457522,0.8265934032394847,A
22,hiv_a35g,-11.66152936747151,0.0049842048860096,-10.127056924457522,0.8265934032394847,A
24,hiv_a35g,-11.009984906001069,0.0560907320403554,-10.95811613835019,1.7914567219413255,C
24,hiv_a35g,-11.012706522962961,0.0518158020205776,-10.95811613835019,1.7914567219413255,C
26,hiv_a35g,-15.604123039705101,0.4306033689672451,-14.484437473821146,0.610870006974812,G
26,hiv_a35g,-15.365942103984166,0.3507488479288729,-14.484437473821146,0.610870006974812,G
27,hiv_a35g,-13.155227211616698,0.0908056933230275,-10.127056924457522,0.8265934032394847,A
27,hiv_a35g,-13.198061105171844,0.1600457608520131,-10.127056924457522,0.8265934032394847,A
28,hiv_a35g,-15.510690386524775,0.7292932895124782,-14.484437473821146,0.610870006974812,G
29,hiv_a35g,-16.72982532421597,3.071218864349075,-10.95811613835019,1.7914567219413255,C
32,hiv_a35g,-15.922162014263334,0.6431969820732774,-14.484437473821146,0.610870006974812,G
32,hiv_a35g,-15.729913516010352,0.7422352368122983,-14.484437473821146,0.610870006974812,G
33,hiv_a35g,-16.178755760956655,1.2036651562175722,-14.484437473821146,0.610870006974812,G
34,hiv_a35g,-15.835630608222074,0.7266813405451039,-14.484437473821146,0.610870006974812,G
34,hiv_a35g,-14.961776172830511,0.3298905468471104,-14.484437473821146,0.610870006974812,G
35,hiv_a35g,-15.338298535296932,0.7386785419485031,-14.484437473821146,0.610870006974812,G
36,hiv_a35g,-15.504075352290863,0.7882836760932884,-14.484437473821146,0.610870006974812,G
36,hiv_a35g,-15.5212928053195,0.6471674989210839,-14.484437473821146,0.610870006974812,G
37,hiv_a35g,-16.155820224002234,2.0868008388412655,-10.95811613835019,1.7914567219413255,C
39,hiv_a35g,-15.090988293997448,0.6488553272848898,-10.95811613835019,1.7914567219413255,C
41,hiv_a35g,-16.065890480684168,0.767201672281594,-10.95811613835019,1.7914567219413255,C
41,hiv_a35g,-15.330597978343103,1.1940804566973189,-10.95811613835019,1.7914567219413255,C
43,hiv_a35g,-16.78009760063136,3.270095372898989,-14.484437473821146,0.610870006974812,G
43,hiv_a35g,-14.92821893666545,0.365017854414281,-14.484437473821146,0.610870006974812,G
44,hiv_a35g,-15.65941029000773,3.3157814527976193,-10.95811613835019,1.7914567219413255,C
45,hiv_a35g,-14.645598757258085,1.6094793104924483,-10.95811613835019,1.7914567219413255,C
61,hiv_a35g,-11.545236936869987,0.0366731515213022,-10.127056924457522,0.8265934032394847,A
61,hiv_a35g,-11.562508084860843,0.0326405189774863,-10.127056924457522,0.8265934032394847,A
62,hiv_a35g,-12.337639519920819,0.1006315084960366,-10.127056924457522,0.8265934032394847,A
62,hiv_a35g,-12.428371699741128,0.0568365047264326,-10.127056924457522,0.8265934032394847,A
64,hiv_a35g,-12.82798608534315,0.1244772064080524,-10.95811613835019,1.7914567219413255,C
64,hiv_a35g,-12.800719727203251,0.0349935823110517,-10.95811613835019,1.7914567219413255,C
2,hiv_c30u,-11.737642372637133,0.0289217217881812,-10.127056924457522,0.8265934032394847,A
2,hiv_c30u,-11.857744127761945,0.0199134043728755,-10.127056924457522,0.8265934032394847,A
3,hiv_c30u,-11.800295444190553,0.0559538022061417,-10.127056924457522,0.8265934032394847,A
3,hiv_c30u,-11.913594121155818,0.0120133859248726,-10.127056924457522,0.8265934032394847,A
17,hiv_c30u,-16.362057654246737,4.4180613608119215,-14.484437473821146,0.610870006974812,G
17,hiv_c30u,-15.155339905056545,0.6299099138058677,-14.484437473821146,0.610870006974812,G
18,hiv_c30u,-15.352424004011473,0.9915575486765416,-14.484437473821146,0.610870006974812,G
18,hiv_c30u,-15.635842957771363,0.8786915241081733,-14.484437473821146,0.610870006974812,G
19,hiv_c30u,-13.863986245754283,0.2871718776113572,-10.95811613835019,1.7914567219413255,C
19,hiv_c30u,-14.052683281950173,0.7862314609823353,-10.95811613835019,1.7914567219413255,C
20,hiv_c30u,-13.125526142880098,0.241356159504653,-10.127056924457522,0.8265934032394847,A
20,hiv_c30u,-13.19746317890909,0.0708472576677698,-10.127056924457522,0.8265934032394847,A
21,hiv_c30u,-14.889355515925478,0.2488013562929859,-14.484437473821146,0.610870006974812,G
21,hiv_c30u,-15.218816438322596,0.5194008657860143,-14.484437473821146,0.610870006974812,G
22,hiv_c30u,-11.774264059646187,0.0426455581334363,-10.127056924457522,0.8265934032394847,A
22,hiv_c30u,-11.88828388913844,0.0547628585542172,-10.127056924457522,0.8265934032394847,A
24,hiv_c30u,-11.145034897763471,0.0355406698125409,-10.95811613835019,1.7914567219413255,C
24,hiv_c30u,-11.21254289300056,0.0200038089358172,-10.95811613835019,1.7914567219413255,C
26,hiv_c30u,-15.388550755183243,0.2069277856969215,-14.484437473821146,0.610870006974812,G
26,hiv_c30u,-15.345722203472887,0.3763523181658776,-14.484437473821146,0.610870006974812,G
27,hiv_c30u,-13.626375739244834,0.0753333791805383,-10.127056924457522,0.8265934032394847,A
27,hiv_c30u,-13.737969329188331,0.0225666936628659,-10.127056924457522,0.8265934032394847,A
28,hiv_c30u,-15.897157564874341,0.5371755041108149,-14.484437473821146,0.610870006974812,G
28,hiv_c30u,-15.024551937436925,0.2572939358395855,-14.484437473821146,0.610870006974812,G
29,hiv_c30u,-15.036854416629557,0.4396177248107396,-10.95811613835019,1.7914567219413255,C
29,hiv_c30u,-15.042617739029083,0.3020259752006831,-10.95811613835019,1.7914567219413255,C
32,hiv_c30u,-14.72128246090246,0.4168683265165321,-14.484437473821146,0.610870006974812,G
32,hiv_c30u,-14.966578751799137,0.2828049962247478,-14.484437473821146,0.610870006974812,G
33,hiv_c30u,-15.813460855528877,0.6641209571865787,-14.484437473821146,0.610870006974812,G
33,hiv_c30u,-15.532972223084716,0.2421883855742349,-14.484437473821146,0.610870006974812,G
34,hiv_c30u,-15.203863437982271,0.3777488561993291,-14.484437473821146,0.610870006974812,G
34,hiv_c30u,-14.926963721034845,0.2567422910382909,-14.484437473821146,0.610870006974812,G
35,hiv_c30u,-12.578125435863587,0.0300043351306355,-10.127056924457522,0.8265934032394847,A
35,hiv_c30u,-12.630711710624272,0.0434927616817315,-10.127056924457522,0.8265934032394847,A
36,hiv_c30u,-14.604664750943968,0.2272547898915559,-14.484437473821146,0.610870006974812,G
36,hiv_c30u,-14.66276235457199,0.2345296839598366,-14.484437473821146,0.610870006974812,G
37,hiv_c30u,-15.745083790965218,0.4024112103297251,-10.95811613835019,1.7914567219413255,C
37,hiv_c30u,-15.885602493158697,1.1936973192502252,-10.95811613835019,1.7914567219413255,C
39,hiv_c30u,-14.944998465409277,0.0935442937597191,-10.95811613835019,1.7914567219413255,C
39,hiv_c30u,-14.984611705013377,0.422449908421077,-10.95811613835019,1.7914567219413255,C
41,hiv_c30u,-14.775154167116881,0.4922854555485433,-10.95811613835019,1.7914567219413255,C
41,hiv_c30u,-14.774057469264436,0.479020274589645,-10.95811613835019,1.7914567219413255,C
43,hiv_c30u,-15.80368285187389,1.2151386983511072,-14.484437473821146,0.610870006974812,G
43,hiv_c30u,-14.85324025191175,0.8211204474773534,-14.484437473821146,0.610870006974812,G
44,hiv_c30u,-14.80245453276226,1.7061219840305066,-10.95811613835019,1.7914567219413255,C
44,hiv_c30u,-14.659439354040217,0.8622697426867475,-10.95811613835019,1.7914567219413255,C
45,hiv_c30u,-14.310997444166325,1.28770027391138,-10.95811613835019,1.7914567219413255,C
45,hiv_c30u,-14.598587294107105,0.6837681312106388,-10.95811613835019,1.7914567219413255,C
61,hiv_c30u,-11.381498780240435,0.0373202695098798,-10.127056924457522,0.8265934032394847,A
61,hiv_c30u,-11.435822193228178,0.014138155672536,-10.127056924457522,0.8265934032394847,A
62,hiv_c30u,-11.829175879344449,0.0431847750508738,-10.127056924457522,0.8265934032394847,A
62,hiv_c30u,-11.90680543876244,0.0162145389722831,-10.127056924457522,0.8265934032394847,A
64,hiv_c30u,-13.212068397913292,0.0800342951221948,-10.95811613835019,1.7914567219413255,C
64,hiv_c30u,-13.242014344276718,0.1156586230048427,-10.95811613835019,1.7914567219413255,C
2,hiv_es2,-11.817343096485898,0.0961035799459886,-10.127056924457522,0.8265934032394847,A
2,hiv_es2,-11.974854437057312,0.0526827866487863,-10.127056924457522,0.8265934032394847,A
3,hiv_es2,-11.998952439562498,0.034052399605527,-10.127056924457522,0.8265934032394847,A
3,hiv_es2,-12.043424544713591,0.045452559278705,-10.127056924457522,0.8265934032394847,A
17,hiv_es2,-17.081281243027824,1.531079919716127,-14.484437473821146,0.610870006974812,G
17,hiv_es2,-15.843260993683227,0.4771311229976517,-14.484437473821146,0.610870006974812,G
18,hiv_es2,-16.12004882250584,0.7378611894100514,-14.484437473821146,0.610870006974812,G
18,hiv_es2,-15.42490482602087,0.2139668042015453,-14.484437473821146,0.610870006974812,G
19,hiv_es2,-14.72287310489467,0.1381194729696615,-10.95811613835019,1.7914567219413255,C
19,hiv_es2,-14.559526209788304,0.2883316156578085,-10.95811613835019,1.7914567219413255,C
20,hiv_es2,-13.141846400640773,0.0977813825165181,-10.127056924457522,0.8265934032394847,A
20,hiv_es2,-13.271557164398583,0.0867809234759628,-10.127056924457522,0.8265934032394847,A
21,hiv_es2,-16.31905891943154,0.1751378001532869,-14.484437473821146,0.610870006974812,G
21,hiv_es2,-15.554297400568696,0.0986801186253471,-14.484437473821146,0.610870006974812,G
22,hiv_es2,-12.475245313946207,0.0469626611589859,-10.127056924457522,0.8265934032394847,A
22,hiv_es2,-12.579810440208938,0.1855682368713753,-10.127056924457522,0.8265934032394847,A
24,hiv_es2,-11.876217214546926,0.0428901717434534,-10.95811613835019,1.7914567219413255,C
24,hiv_es2,-11.91899706750497,0.0623136498392201,-10.95811613835019,1.7914567219413255,C
26,hiv_es2,-16.033918374111206,0.6604256563486729,-14.484437473821146,0.610870006974812,G
26,hiv_es2,-15.099030710756232,0.0867516896223177,-14.484437473821146,0.610870006974812,G
27,hiv_es2,-12.935638410245904,0.0859828023615081,-10.127056924457522,0.8265934032394847,A
27,hiv_es2,-12.942544881799565,0.0079945475920389,-10.127056924457522,0.8265934032394847,A
28,hiv_es2,-15.792626357716475,0.230277723028529,-14.484437473821146,0.610870006974812,G
28,hiv_es2,-15.561013911741105,0.2247653130264554,-14.484437473821146,0.610870006974812,G
29,hiv_es2,-16.32511894554452,0.6420159162706666,-10.95811613835019,1.7914567219413255,C
30,hiv_es2,-15.556904272880207,0.331016282176774,-10.95811613835019,1.7914567219413255,C
30,hiv_es2,-15.153679275837067,0.2543327449285422,-10.95811613835019,1.7914567219413255,C
53,hiv_es2,-11.57463815924412,0.0861166469264413,-10.95811613835019,1.7914567219413255,C
53,hiv_es2,-11.532919746635732,0.0249294243700694,-10.95811613835019,1.7914567219413255,C
54,hiv_es2,-18.409621863570568,3.311197017176304,-14.484437473821146,0.610870006974812,G
54,hiv_es2,-16.269961982529043,0.3036498223900454,-14.484437473821146,0.610870006974812,G
33,hiv_es2,-17.4729425858811,1.124894922782343,-14.484437473821146,0.610870006974812,G
33,hiv_es2,-17.042404386806886,1.552436834271269,-14.484437473821146,0.610870006974812,G
34,hiv_es2,-15.479492620479224,0.1821468750355924,-14.484437473821146,0.610870006974812,G
34,hiv_es2,-15.150619672451821,0.1729433900265285,-14.484437473821146,0.610870006974812,G
35,hiv_es2,-12.824144825330606,0.0428401705168553,-10.127056924457522,0.8265934032394847,A
35,hiv_es2,-12.804343625759245,0.0679314720124087,-10.127056924457522,0.8265934032394847,A
36,hiv_es2,-16.676947079493104,0.4321649396629922,-14.484437473821146,0.610870006974812,G
36,hiv_es2,-15.890801463551776,0.4801436527819533,-14.484437473821146,0.610870006974812,G
37,hiv_es2,-16.414934514103287,1.0305940168132095,-10.95811613835019,1.7914567219413255,C
37,hiv_es2,-15.640092623167078,0.4746389720409056,-10.95811613835019,1.7914567219413255,C
39,hiv_es2,-14.986587852909402,0.097837479436713,-10.95811613835019,1.7914567219413255,C
39,hiv_es2,-14.787744536287873,0.1834698254798951,-10.95811613835019,1.7914567219413255,C
41,hiv_es2,-15.35680067828331,0.679454437781934,-10.95811613835019,1.7914567219413255,C
43,hiv_es2,-15.760167939615243,0.7054480101999593,-14.484437473821146,0.610870006974812,G
43,hiv_es2,-14.99060664159023,0.2954692567181841,-14.484437473821146,0.610870006974812,G
44,hiv_es2,-14.773022385587478,0.4140403229358024,-10.95811613835019,1.7914567219413255,C
45,hiv_es2,-16.31365470624968,1.504516047161272,-10.95811613835019,1.7914567219413255,C
45,hiv_es2,-15.175503398949827,0.4317954362419367,-10.95811613835019,1.7914567219413255,C
61,hiv_es2,-11.366156349912796,0.0668235592972818,-10.127056924457522,0.8265934032394847,A
61,hiv_es2,-11.507530977427805,0.0664304581394876,-10.127056924457522,0.8265934032394847,A
62,hiv_es2,-12.17518917123476,0.1286960577244394,-10.127056924457522,0.8265934032394847,A
62,hiv_es2,-12.316275647796964,0.1189083305240462,-10.127056924457522,0.8265934032394847,A
64,hiv_es2,-13.169104371802089,0.1278389100094605,-10.95811613835019,1.7914567219413255,C
64,hiv_es2,-13.166490943862176,0.0943954722198484,-10.95811613835019,1.7914567219413255,C
